model,origin_mode,saving_basis,harm_basis,lambda,winner,winner_reward,reward_uniform_full,reward_uniform_low,reward_calib_static,reward_causal_no_hysteresis,reward_controller
olmoe,balanced,simulated_saving_fraction,incremental_accuracy_harm,0.0,uniform_low,0.16459038773225454,0.0,0.16459038773225454,-0.12832808557420816,-0.017639962193266356,0.1347812379355391
olmoe,balanced,simulated_saving_fraction,incremental_accuracy_harm,0.1,uniform_low,0.16302788773225454,0.0,0.16302788773225454,-0.12832808557420816,-0.017639962193266356,0.1347812379355391
olmoe,balanced,simulated_saving_fraction,incremental_accuracy_harm,0.2,uniform_low,0.16146538773225455,0.0,0.16146538773225455,-0.12832808557420816,-0.017639962193266356,0.1347812379355391
olmoe,balanced,simulated_saving_fraction,incremental_accuracy_harm,0.5,uniform_low,0.15677788773225454,0.0,0.15677788773225454,-0.12832808557420816,-0.017639962193266356,0.1347812379355391
olmoe,balanced,simulated_saving_fraction,incremental_accuracy_harm,1.0,uniform_low,0.14896538773225454,0.0,0.14896538773225454,-0.12832808557420816,-0.017639962193266356,0.1347812379355391
olmoe,balanced,simulated_saving_fraction,incremental_accuracy_harm,2.0,controller,0.1347812379355391,0.0,0.13334038773225454,-0.12832808557420816,-0.017639962193266356,0.1347812379355391
olmoe,balanced,simulated_saving_fraction,incremental_accuracy_harm,5.0,controller,0.1347812379355391,0.0,0.08646538773225454,-0.12832808557420816,-0.017639962193266356,0.1347812379355391
olmoe,balanced,simulated_saving_fraction,incremental_accuracy_harm,10.0,controller,0.1347812379355391,0.0,0.00834038773225454,-0.12832808557420816,-0.017639962193266356,0.1347812379355391
olmoe,balanced,simulated_saving_fraction,cvar_incremental_positive_accuracy_harm,0.0,uniform_low,0.16459038773225454,0.0,0.16459038773225454,-0.12832808557420816,-0.017639962193266356,0.1347812379355391
olmoe,balanced,simulated_saving_fraction,cvar_incremental_positive_accuracy_harm,0.1,uniform_low,0.0931618163036831,0.0,0.0931618163036831,-0.17118522843135103,-0.10335424790755207,0.049066952221253374
olmoe,balanced,simulated_saving_fraction,cvar_incremental_positive_accuracy_harm,0.2,uniform_low,0.021733244875111662,0.0,0.021733244875111662,-0.21404237128849388,-0.1890685336218378,-0.03664733349303234
olmoe,balanced,simulated_saving_fraction,cvar_incremental_positive_accuracy_harm,0.5,uniform_full,0.0,0.0,-0.1925524694106026,-0.34261379985992246,-0.4462113907646949,-0.29379019063588946
olmoe,balanced,simulated_saving_fraction,cvar_incremental_positive_accuracy_harm,1.0,uniform_full,0.0,0.0,-0.5496953265534598,-0.5568995141456368,-0.8747828193361235,-0.722361619207318
olmoe,balanced,simulated_saving_fraction,cvar_incremental_positive_accuracy_harm,2.0,uniform_full,0.0,0.0,-1.263981040839174,-0.9854709427170653,-1.7319256764789805,-1.579504476350175
olmoe,balanced,simulated_saving_fraction,cvar_incremental_positive_accuracy_harm,5.0,uniform_full,0.0,0.0,-3.4068381836963173,-2.271185228431351,-4.303354247907552,-4.1509330477787465
olmoe,balanced,simulated_saving_fraction,cvar_incremental_positive_accuracy_harm,10.0,uniform_full,0.0,0.0,-6.9782667551248885,-4.4140423712884935,-8.589068533621838,-8.436647333493031
olmoe,balanced,simulated_saving_fraction,mean_incremental_positive_nll_harm,0.0,uniform_low,0.16459038773225454,0.0,0.16459038773225454,-0.12832808557420816,-0.017639962193266356,0.1347812379355391
olmoe,balanced,simulated_saving_fraction,mean_incremental_positive_nll_harm,0.1,uniform_low,0.1576853997879645,0.0,0.1576853997879645,-0.13340485941141692,-0.02593358823162397,0.1252441150246968
olmoe,balanced,simulated_saving_fraction,mean_incremental_positive_nll_harm,0.2,uniform_low,0.15078041184367447,0.0,0.15078041184367447,-0.13848163324862567,-0.034227214269981585,0.11570699211385449
olmoe,balanced,simulated_saving_fraction,mean_incremental_positive_nll_harm,0.5,uniform_low,0.13006544801080433,0.0,0.13006544801080433,-0.1537119547602519,-0.059108092385054434,0.08709562338132759
olmoe,balanced,simulated_saving_fraction,mean_incremental_positive_nll_harm,1.0,uniform_low,0.09554050828935412,0.0,0.09554050828935412,-0.17909582394629564,-0.10057622257684251,0.039410008827116094
olmoe,balanced,simulated_saving_fraction,mean_incremental_positive_nll_harm,2.0,uniform_low,0.0264906288464537,0.0,0.0264906288464537,-0.22986356231838312,-0.18351248296041867,-0.0559612202813069
olmoe,balanced,simulated_saving_fraction,mean_incremental_positive_nll_harm,5.0,uniform_full,0.0,0.0,-0.18065900948224756,-0.38216677743464555,-0.43232126411114713,-0.3420749076065759
olmoe,balanced,simulated_saving_fraction,mean_incremental_positive_nll_harm,10.0,uniform_full,0.0,0.0,-0.5259084066967497,-0.636005469295083,-0.8470025660290279,-0.8189310531486909
olmoe,balanced,simulated_saving_fraction,cvar_incremental_positive_nll_harm,0.0,uniform_low,0.16459038773225454,0.0,0.16459038773225454,-0.12832808557420816,-0.017639962193266356,0.1347812379355391
olmoe,balanced,simulated_saving_fraction,cvar_incremental_positive_nll_harm,0.1,uniform_low,0.12952496328996327,0.0,0.12952496328996327,-0.1583805993098431,-0.05624058750389171,0.09121582841143891
olmoe,balanced,simulated_saving_fraction,cvar_incremental_positive_nll_harm,0.2,uniform_low,0.09445953884767201,0.0,0.09445953884767201,-0.18843311304547805,-0.09484121281451706,0.047650418887338744
olmoe,balanced,simulated_saving_fraction,cvar_incremental_positive_nll_harm,0.5,uniform_full,0.0,0.0,-0.01073673447920176,-0.27859065425238283,-0.2106430887463931,-0.08304580968496175
olmoe,balanced,simulated_saving_fraction,cvar_incremental_positive_nll_harm,1.0,uniform_full,0.0,0.0,-0.18606385669065806,-0.42885322293055755,-0.40364621529951983,-0.3008728573054626
olmoe,balanced,simulated_saving_fraction,cvar_incremental_positive_nll_harm,2.0,uniform_full,0.0,0.0,-0.5367181011135707,-0.729378360286907,-0.7896524684057733,-0.7365269525464643
olmoe,balanced,simulated_saving_fraction,cvar_incremental_positive_nll_harm,5.0,uniform_full,0.0,0.0,-1.5886808343823084,-1.630953772355955,-1.9476712277245336,-2.043489238269469
olmoe,balanced,simulated_saving_fraction,cvar_incremental_positive_nll_harm,10.0,uniform_full,0.0,0.0,-3.341952056496871,-3.133579459137702,-3.877702493255801,-4.221759714474477
olmoe,balanced,simulated_saving_optimistic_codec,incremental_accuracy_harm,0.0,uniform_low,0.16459038773225476,0.0,0.16459038773225476,-0.12832808557420816,-0.017639962193266356,0.1347812379355393
olmoe,balanced,simulated_saving_optimistic_codec,incremental_accuracy_harm,0.1,uniform_low,0.16302788773225477,0.0,0.16302788773225477,-0.12832808557420816,-0.017639962193266356,0.1347812379355393
olmoe,balanced,simulated_saving_optimistic_codec,incremental_accuracy_harm,0.2,uniform_low,0.16146538773225477,0.0,0.16146538773225477,-0.12832808557420816,-0.017639962193266356,0.1347812379355393
olmoe,balanced,simulated_saving_optimistic_codec,incremental_accuracy_harm,0.5,uniform_low,0.15677788773225476,0.0,0.15677788773225476,-0.12832808557420816,-0.017639962193266356,0.1347812379355393
olmoe,balanced,simulated_saving_optimistic_codec,incremental_accuracy_harm,1.0,uniform_low,0.14896538773225476,0.0,0.14896538773225476,-0.12832808557420816,-0.017639962193266356,0.1347812379355393
olmoe,balanced,simulated_saving_optimistic_codec,incremental_accuracy_harm,2.0,controller,0.1347812379355393,0.0,0.13334038773225476,-0.12832808557420816,-0.017639962193266356,0.1347812379355393
olmoe,balanced,simulated_saving_optimistic_codec,incremental_accuracy_harm,5.0,controller,0.1347812379355393,0.0,0.08646538773225476,-0.12832808557420816,-0.017639962193266356,0.1347812379355393
olmoe,balanced,simulated_saving_optimistic_codec,incremental_accuracy_harm,10.0,controller,0.1347812379355393,0.0,0.008340387732254761,-0.12832808557420816,-0.017639962193266356,0.1347812379355393
olmoe,balanced,simulated_saving_optimistic_codec,cvar_incremental_positive_accuracy_harm,0.0,uniform_low,0.16459038773225476,0.0,0.16459038773225476,-0.12832808557420816,-0.017639962193266356,0.1347812379355393
olmoe,balanced,simulated_saving_optimistic_codec,cvar_incremental_positive_accuracy_harm,0.1,uniform_low,0.09316181630368332,0.0,0.09316181630368332,-0.17118522843135103,-0.10335424790755207,0.049066952221253596
olmoe,balanced,simulated_saving_optimistic_codec,cvar_incremental_positive_accuracy_harm,0.2,uniform_low,0.021733244875111885,0.0,0.021733244875111885,-0.21404237128849388,-0.1890685336218378,-0.03664733349303212
olmoe,balanced,simulated_saving_optimistic_codec,cvar_incremental_positive_accuracy_harm,0.5,uniform_full,0.0,0.0,-0.1925524694106024,-0.34261379985992246,-0.4462113907646949,-0.29379019063588924
olmoe,balanced,simulated_saving_optimistic_codec,cvar_incremental_positive_accuracy_harm,1.0,uniform_full,0.0,0.0,-0.5496953265534595,-0.5568995141456368,-0.8747828193361235,-0.7223616192073178
olmoe,balanced,simulated_saving_optimistic_codec,cvar_incremental_positive_accuracy_harm,2.0,uniform_full,0.0,0.0,-1.2639810408391738,-0.9854709427170653,-1.7319256764789805,-1.5795044763501749
olmoe,balanced,simulated_saving_optimistic_codec,cvar_incremental_positive_accuracy_harm,5.0,uniform_full,0.0,0.0,-3.406838183696317,-2.271185228431351,-4.303354247907552,-4.1509330477787465
olmoe,balanced,simulated_saving_optimistic_codec,cvar_incremental_positive_accuracy_harm,10.0,uniform_full,0.0,0.0,-6.9782667551248885,-4.4140423712884935,-8.589068533621838,-8.436647333493031
olmoe,balanced,simulated_saving_optimistic_codec,mean_incremental_positive_nll_harm,0.0,uniform_low,0.16459038773225476,0.0,0.16459038773225476,-0.12832808557420816,-0.017639962193266356,0.1347812379355393
olmoe,balanced,simulated_saving_optimistic_codec,mean_incremental_positive_nll_harm,0.1,uniform_low,0.15768539978796473,0.0,0.15768539978796473,-0.13340485941141692,-0.02593358823162397,0.125244115024697
olmoe,balanced,simulated_saving_optimistic_codec,mean_incremental_positive_nll_harm,0.2,uniform_low,0.1507804118436747,0.0,0.1507804118436747,-0.13848163324862567,-0.034227214269981585,0.11570699211385471
olmoe,balanced,simulated_saving_optimistic_codec,mean_incremental_positive_nll_harm,0.5,uniform_low,0.13006544801080455,0.0,0.13006544801080455,-0.1537119547602519,-0.059108092385054434,0.08709562338132781
olmoe,balanced,simulated_saving_optimistic_codec,mean_incremental_positive_nll_harm,1.0,uniform_low,0.09554050828935434,0.0,0.09554050828935434,-0.17909582394629564,-0.10057622257684251,0.039410008827116316
olmoe,balanced,simulated_saving_optimistic_codec,mean_incremental_positive_nll_harm,2.0,uniform_low,0.026490628846453923,0.0,0.026490628846453923,-0.22986356231838312,-0.18351248296041867,-0.05596122028130668
olmoe,balanced,simulated_saving_optimistic_codec,mean_incremental_positive_nll_harm,5.0,uniform_full,0.0,0.0,-0.18065900948224733,-0.38216677743464555,-0.43232126411114713,-0.34207490760657566
olmoe,balanced,simulated_saving_optimistic_codec,mean_incremental_positive_nll_harm,10.0,uniform_full,0.0,0.0,-0.5259084066967494,-0.636005469295083,-0.8470025660290279,-0.8189310531486906
olmoe,balanced,simulated_saving_optimistic_codec,cvar_incremental_positive_nll_harm,0.0,uniform_low,0.16459038773225476,0.0,0.16459038773225476,-0.12832808557420816,-0.017639962193266356,0.1347812379355393
olmoe,balanced,simulated_saving_optimistic_codec,cvar_incremental_positive_nll_harm,0.1,uniform_low,0.1295249632899635,0.0,0.1295249632899635,-0.1583805993098431,-0.05624058750389171,0.09121582841143913
olmoe,balanced,simulated_saving_optimistic_codec,cvar_incremental_positive_nll_harm,0.2,uniform_low,0.09445953884767223,0.0,0.09445953884767223,-0.18843311304547805,-0.09484121281451706,0.047650418887338966
olmoe,balanced,simulated_saving_optimistic_codec,cvar_incremental_positive_nll_harm,0.5,uniform_full,0.0,0.0,-0.010736734479201537,-0.27859065425238283,-0.2106430887463931,-0.08304580968496153
olmoe,balanced,simulated_saving_optimistic_codec,cvar_incremental_positive_nll_harm,1.0,uniform_full,0.0,0.0,-0.18606385669065784,-0.42885322293055755,-0.40364621529951983,-0.30087285730546237
olmoe,balanced,simulated_saving_optimistic_codec,cvar_incremental_positive_nll_harm,2.0,uniform_full,0.0,0.0,-0.5367181011135704,-0.729378360286907,-0.7896524684057733,-0.736526952546464
olmoe,balanced,simulated_saving_optimistic_codec,cvar_incremental_positive_nll_harm,5.0,uniform_full,0.0,0.0,-1.5886808343823082,-1.630953772355955,-1.9476712277245336,-2.043489238269469
olmoe,balanced,simulated_saving_optimistic_codec,cvar_incremental_positive_nll_harm,10.0,uniform_full,0.0,0.0,-3.341952056496871,-3.133579459137702,-3.877702493255801,-4.221759714474477
olmoe,balanced,simulated_saving_serialized_tiles_codec,incremental_accuracy_harm,0.0,uniform_full,0.0,0.0,-107.12632309937582,-47.08268032602408,-74.18041206838504,-98.8166467082686
olmoe,balanced,simulated_saving_serialized_tiles_codec,incremental_accuracy_harm,0.1,uniform_full,0.0,0.0,-107.12788559937583,-47.08268032602408,-74.18041206838504,-98.8166467082686
olmoe,balanced,simulated_saving_serialized_tiles_codec,incremental_accuracy_harm,0.2,uniform_full,0.0,0.0,-107.12944809937582,-47.08268032602408,-74.18041206838504,-98.8166467082686
olmoe,balanced,simulated_saving_serialized_tiles_codec,incremental_accuracy_harm,0.5,uniform_full,0.0,0.0,-107.13413559937582,-47.08268032602408,-74.18041206838504,-98.8166467082686
olmoe,balanced,simulated_saving_serialized_tiles_codec,incremental_accuracy_harm,1.0,uniform_full,0.0,0.0,-107.14194809937582,-47.08268032602408,-74.18041206838504,-98.8166467082686
olmoe,balanced,simulated_saving_serialized_tiles_codec,incremental_accuracy_harm,2.0,uniform_full,0.0,0.0,-107.15757309937582,-47.08268032602408,-74.18041206838504,-98.8166467082686
olmoe,balanced,simulated_saving_serialized_tiles_codec,incremental_accuracy_harm,5.0,uniform_full,0.0,0.0,-107.20444809937582,-47.08268032602408,-74.18041206838504,-98.8166467082686
olmoe,balanced,simulated_saving_serialized_tiles_codec,incremental_accuracy_harm,10.0,uniform_full,0.0,0.0,-107.28257309937582,-47.08268032602408,-74.18041206838504,-98.8166467082686
olmoe,balanced,simulated_saving_serialized_tiles_codec,cvar_incremental_positive_accuracy_harm,0.0,uniform_full,0.0,0.0,-107.12632309937582,-47.08268032602408,-74.18041206838504,-98.8166467082686
olmoe,balanced,simulated_saving_serialized_tiles_codec,cvar_incremental_positive_accuracy_harm,0.1,uniform_full,0.0,0.0,-107.1977516708044,-47.12553746888123,-74.26612635409933,-98.9023609939829
olmoe,balanced,simulated_saving_serialized_tiles_codec,cvar_incremental_positive_accuracy_harm,0.2,uniform_full,0.0,0.0,-107.26918024223296,-47.16839461173837,-74.35184063981362,-98.98807527969718
olmoe,balanced,simulated_saving_serialized_tiles_codec,cvar_incremental_positive_accuracy_harm,0.5,uniform_full,0.0,0.0,-107.48346595651869,-47.2969660403098,-74.60898349695647,-99.24521813684004
olmoe,balanced,simulated_saving_serialized_tiles_codec,cvar_incremental_positive_accuracy_harm,1.0,uniform_full,0.0,0.0,-107.84060881366153,-47.51125175459551,-75.0375549255279,-99.67378956541147
olmoe,balanced,simulated_saving_serialized_tiles_codec,cvar_incremental_positive_accuracy_harm,2.0,uniform_full,0.0,0.0,-108.55489452794725,-47.939823183166936,-75.89469778267075,-100.53093242255432
olmoe,balanced,simulated_saving_serialized_tiles_codec,cvar_incremental_positive_accuracy_harm,5.0,uniform_full,0.0,0.0,-110.6977516708044,-49.22553746888123,-78.46612635409933,-103.1023609939829
olmoe,balanced,simulated_saving_serialized_tiles_codec,cvar_incremental_positive_accuracy_harm,10.0,uniform_full,0.0,0.0,-114.26918024223296,-51.36839461173837,-82.75184063981361,-107.38807527969718
olmoe,balanced,simulated_saving_serialized_tiles_codec,mean_incremental_positive_nll_harm,0.0,uniform_full,0.0,0.0,-107.12632309937582,-47.08268032602408,-74.18041206838504,-98.8166467082686
olmoe,balanced,simulated_saving_serialized_tiles_codec,mean_incremental_positive_nll_harm,0.1,uniform_full,0.0,0.0,-107.13322808732012,-47.08775709986129,-74.18870569442339,-98.82618383117945
olmoe,balanced,simulated_saving_serialized_tiles_codec,mean_incremental_positive_nll_harm,0.2,uniform_full,0.0,0.0,-107.1401330752644,-47.0928338736985,-74.19699932046176,-98.83572095409029
olmoe,balanced,simulated_saving_serialized_tiles_codec,mean_incremental_positive_nll_harm,0.5,uniform_full,0.0,0.0,-107.16084803909727,-47.108064195210126,-74.22188019857683,-98.86433232282282
olmoe,balanced,simulated_saving_serialized_tiles_codec,mean_incremental_positive_nll_harm,1.0,uniform_full,0.0,0.0,-107.19537297881872,-47.13344806439617,-74.26334832876861,-98.91201793737703
olmoe,balanced,simulated_saving_serialized_tiles_codec,mean_incremental_positive_nll_harm,2.0,uniform_full,0.0,0.0,-107.26442285826163,-47.18421580276826,-74.34628458915219,-99.00738916648545
olmoe,balanced,simulated_saving_serialized_tiles_codec,mean_incremental_positive_nll_harm,5.0,uniform_full,0.0,0.0,-107.47157249659033,-47.33651901788452,-74.59509337030292,-99.29350285381072
olmoe,balanced,simulated_saving_serialized_tiles_codec,mean_incremental_positive_nll_harm,10.0,uniform_full,0.0,0.0,-107.81682189380483,-47.59035770974496,-75.0097746722208,-99.77035899935284
olmoe,balanced,simulated_saving_serialized_tiles_codec,cvar_incremental_positive_nll_harm,0.0,uniform_full,0.0,0.0,-107.12632309937582,-47.08268032602408,-74.18041206838504,-98.8166467082686
olmoe,balanced,simulated_saving_serialized_tiles_codec,cvar_incremental_positive_nll_harm,0.1,uniform_full,0.0,0.0,-107.16138852381812,-47.112732839759715,-74.21901269369566,-98.86021211779271
olmoe,balanced,simulated_saving_serialized_tiles_codec,cvar_incremental_positive_nll_harm,0.2,uniform_full,0.0,0.0,-107.19645394826041,-47.142785353495356,-74.2576133190063,-98.9037775273168
olmoe,balanced,simulated_saving_serialized_tiles_codec,cvar_incremental_positive_nll_harm,0.5,uniform_full,0.0,0.0,-107.30165022158728,-47.232942894702255,-74.37341519493816,-99.03447375588911
olmoe,balanced,simulated_saving_serialized_tiles_codec,cvar_incremental_positive_nll_harm,1.0,uniform_full,0.0,0.0,-107.47697734379874,-47.383205463380435,-74.5664183214913,-99.25230080350961
olmoe,balanced,simulated_saving_serialized_tiles_codec,cvar_incremental_positive_nll_harm,2.0,uniform_full,0.0,0.0,-107.82763158822165,-47.68373060073678,-74.95242457459754,-99.6879548987506
olmoe,balanced,simulated_saving_serialized_tiles_codec,cvar_incremental_positive_nll_harm,5.0,uniform_full,0.0,0.0,-108.87959432149039,-48.58530601280583,-76.11044333391631,-100.99491718447362
olmoe,balanced,simulated_saving_serialized_tiles_codec,cvar_incremental_positive_nll_harm,10.0,uniform_full,0.0,0.0,-110.63286554360495,-50.08793169958758,-78.04047459944758,-103.17318766067862
olmoe,hotspot,simulated_saving_fraction,incremental_accuracy_harm,0.0,uniform_low;calib_static,0.3768355473283336,0.0,0.3768355473283336,0.3768355473283336,0.3657950198249752,0.3657950198249752
olmoe,hotspot,simulated_saving_fraction,incremental_accuracy_harm,0.1,uniform_low;calib_static,0.3705855473283336,0.0,0.3705855473283336,0.3705855473283336,0.3611075198249752,0.3657950198249752
olmoe,hotspot,simulated_saving_fraction,incremental_accuracy_harm,0.2,controller,0.3657950198249752,0.0,0.36433554732833356,0.36433554732833356,0.3564200198249752,0.3657950198249752
olmoe,hotspot,simulated_saving_fraction,incremental_accuracy_harm,0.5,controller,0.3657950198249752,0.0,0.3455855473283336,0.3455855473283336,0.3423575198249752,0.3657950198249752
olmoe,hotspot,simulated_saving_fraction,incremental_accuracy_harm,1.0,controller,0.3657950198249752,0.0,0.3143355473283336,0.3143355473283336,0.3189200198249752,0.3657950198249752
olmoe,hotspot,simulated_saving_fraction,incremental_accuracy_harm,2.0,controller,0.3657950198249752,0.0,0.2518355473283336,0.2518355473283336,0.2720450198249752,0.3657950198249752
olmoe,hotspot,simulated_saving_fraction,incremental_accuracy_harm,5.0,controller,0.3657950198249752,0.0,0.06433554732833358,0.06433554732833358,0.1314200198249752,0.3657950198249752
olmoe,hotspot,simulated_saving_fraction,incremental_accuracy_harm,10.0,controller,0.3657950198249752,0.0,-0.24816445267166642,-0.24816445267166642,-0.1029549801750248,0.3657950198249752
olmoe,hotspot,simulated_saving_fraction,cvar_incremental_positive_accuracy_harm,0.0,uniform_low;calib_static,0.3768355473283336,0.0,0.3768355473283336,0.3768355473283336,0.3657950198249752,0.3657950198249752
olmoe,hotspot,simulated_saving_fraction,cvar_incremental_positive_accuracy_harm,0.1,controller,0.3229378769678323,0.0,0.2768355473283336,0.3054069758997621,0.30865216268211804,0.3229378769678323
olmoe,hotspot,simulated_saving_fraction,cvar_incremental_positive_accuracy_harm,0.2,controller,0.28008073411068946,0.0,0.17683554732833356,0.2339784044711907,0.25150930553926093,0.28008073411068946
olmoe,hotspot,simulated_saving_fraction,cvar_incremental_positive_accuracy_harm,0.5,controller,0.15150930553926092,0.0,-0.12316445267166642,0.019692690185476425,0.0800807341106895,0.15150930553926092
olmoe,hotspot,simulated_saving_fraction,cvar_incremental_positive_accuracy_harm,1.0,uniform_full,0.0,0.0,-0.6231644526716664,-0.3374501669573807,-0.2056335516035962,-0.06277640874645335
olmoe,hotspot,simulated_saving_fraction,cvar_incremental_positive_accuracy_harm,2.0,uniform_full,0.0,0.0,-1.6231644526716664,-1.051735881243095,-0.7770621230321676,-0.4913478373178819
olmoe,hotspot,simulated_saving_fraction,cvar_incremental_positive_accuracy_harm,5.0,uniform_full,0.0,0.0,-4.623164452671666,-3.194593024100238,-2.4913478373178815,-1.7770621230321675
olmoe,hotspot,simulated_saving_fraction,cvar_incremental_positive_accuracy_harm,10.0,uniform_full,0.0,0.0,-9.623164452671666,-6.76602159552881,-5.348490694460739,-3.9199192658893103
olmoe,hotspot,simulated_saving_fraction,mean_incremental_positive_nll_harm,0.0,uniform_low;calib_static,0.3768355473283336,0.0,0.3768355473283336,0.3768355473283336,0.3657950198249752,0.3657950198249752
olmoe,hotspot,simulated_saving_fraction,mean_incremental_positive_nll_harm,0.1,calib_static,0.3714536453004584,0.0,0.3693331220060244,0.3714536453004584,0.36134531013386795,0.36088033485876864
olmoe,hotspot,simulated_saving_fraction,mean_incremental_positive_nll_harm,0.2,calib_static,0.3660717432725832,0.0,0.3618306966837153,0.3660717432725832,0.35689560044276064,0.3559656498925621
olmoe,hotspot,simulated_saving_fraction,mean_incremental_positive_nll_harm,0.5,calib_static,0.34992603718895765,0.0,0.3393234207167879,0.34992603718895765,0.34354647136943883,0.34122159499394245
olmoe,hotspot,simulated_saving_fraction,mean_incremental_positive_nll_harm,1.0,calib_static,0.3230165270495817,0.0,0.3018112941052422,0.3230165270495817,0.32129792291390247,0.3166481701629097
olmoe,hotspot,simulated_saving_fraction,mean_incremental_positive_nll_harm,2.0,causal_no_hysteresis,0.27680082600282974,0.0,0.22678704088215085,0.2691975067708299,0.27680082600282974,0.2675013205008442
olmoe,hotspot,simulated_saving_fraction,mean_incremental_positive_nll_harm,5.0,causal_no_hysteresis,0.14330953526961154,0.0,0.001714281212876756,0.10774044593457432,0.14330953526961154,0.12006077151464767
olmoe,hotspot,simulated_saving_fraction,mean_incremental_positive_nll_harm,10.0,uniform_full,0.0,0.0,-0.37340698490258006,-0.16135465545918493,-0.07917594928575211,-0.12567347679567986
olmoe,hotspot,simulated_saving_fraction,cvar_incremental_positive_nll_harm,0.0,uniform_low;calib_static,0.3768355473283336,0.0,0.3768355473283336,0.3768355473283336,0.3657950198249752,0.3657950198249752
olmoe,hotspot,simulated_saving_fraction,cvar_incremental_positive_nll_harm,0.1,calib_static,0.3501502294032891,0.0,0.33998159611258955,0.3501502294032891,0.3403664471021315,0.3363478159503872
olmoe,hotspot,simulated_saving_fraction,cvar_incremental_positive_nll_harm,0.2,calib_static,0.32346491147824463,0.0,0.3031276448968455,0.32346491147824463,0.3149378743792878,0.30690061207579916
olmoe,hotspot,simulated_saving_fraction,cvar_incremental_positive_nll_harm,0.5,calib_static,0.24340895770311125,0.0,0.19256579124961348,0.24340895770311125,0.2386521562107566,0.21855900045203513
olmoe,hotspot,simulated_saving_fraction,cvar_incremental_positive_nll_harm,1.0,causal_no_hysteresis,0.11150929259653802,0.0,0.00829603517089339,0.10998236807788891,0.11150929259653802,0.07132298107909507
olmoe,hotspot,simulated_saving_fraction,cvar_incremental_positive_nll_harm,2.0,uniform_full,0.0,0.0,-0.3602434769865468,-0.15687081117255575,-0.14277643463189915,-0.22314905766678506
olmoe,hotspot,simulated_saving_fraction,cvar_incremental_positive_nll_harm,5.0,uniform_full,0.0,0.0,-1.4658620134588674,-0.9574303489238898,-0.9056336163172106,-1.1065651739044253
olmoe,hotspot,simulated_saving_fraction,cvar_incremental_positive_nll_harm,10.0,uniform_full,0.0,0.0,-3.3085595742460683,-2.291696245176113,-2.1770622524593963,-2.578925367633826
olmoe,hotspot,simulated_saving_optimistic_codec,incremental_accuracy_harm,0.0,uniform_low;calib_static,0.3768355473283336,0.0,0.3768355473283336,0.3768355473283336,0.3657950198249752,0.3657950198249752
olmoe,hotspot,simulated_saving_optimistic_codec,incremental_accuracy_harm,0.1,uniform_low;calib_static,0.3705855473283336,0.0,0.3705855473283336,0.3705855473283336,0.3611075198249752,0.3657950198249752
olmoe,hotspot,simulated_saving_optimistic_codec,incremental_accuracy_harm,0.2,controller,0.3657950198249752,0.0,0.36433554732833356,0.36433554732833356,0.3564200198249752,0.3657950198249752
olmoe,hotspot,simulated_saving_optimistic_codec,incremental_accuracy_harm,0.5,controller,0.3657950198249752,0.0,0.3455855473283336,0.3455855473283336,0.3423575198249752,0.3657950198249752
olmoe,hotspot,simulated_saving_optimistic_codec,incremental_accuracy_harm,1.0,controller,0.3657950198249752,0.0,0.3143355473283336,0.3143355473283336,0.3189200198249752,0.3657950198249752
olmoe,hotspot,simulated_saving_optimistic_codec,incremental_accuracy_harm,2.0,controller,0.3657950198249752,0.0,0.2518355473283336,0.2518355473283336,0.2720450198249752,0.3657950198249752
olmoe,hotspot,simulated_saving_optimistic_codec,incremental_accuracy_harm,5.0,controller,0.3657950198249752,0.0,0.06433554732833358,0.06433554732833358,0.1314200198249752,0.3657950198249752
olmoe,hotspot,simulated_saving_optimistic_codec,incremental_accuracy_harm,10.0,controller,0.3657950198249752,0.0,-0.24816445267166642,-0.24816445267166642,-0.1029549801750248,0.3657950198249752
olmoe,hotspot,simulated_saving_optimistic_codec,cvar_incremental_positive_accuracy_harm,0.0,uniform_low;calib_static,0.3768355473283336,0.0,0.3768355473283336,0.3768355473283336,0.3657950198249752,0.3657950198249752
olmoe,hotspot,simulated_saving_optimistic_codec,cvar_incremental_positive_accuracy_harm,0.1,controller,0.3229378769678323,0.0,0.2768355473283336,0.3054069758997621,0.30865216268211804,0.3229378769678323
olmoe,hotspot,simulated_saving_optimistic_codec,cvar_incremental_positive_accuracy_harm,0.2,controller,0.28008073411068946,0.0,0.17683554732833356,0.2339784044711907,0.25150930553926093,0.28008073411068946
olmoe,hotspot,simulated_saving_optimistic_codec,cvar_incremental_positive_accuracy_harm,0.5,controller,0.15150930553926092,0.0,-0.12316445267166642,0.019692690185476425,0.0800807341106895,0.15150930553926092
olmoe,hotspot,simulated_saving_optimistic_codec,cvar_incremental_positive_accuracy_harm,1.0,uniform_full,0.0,0.0,-0.6231644526716664,-0.3374501669573807,-0.2056335516035962,-0.06277640874645335
olmoe,hotspot,simulated_saving_optimistic_codec,cvar_incremental_positive_accuracy_harm,2.0,uniform_full,0.0,0.0,-1.6231644526716664,-1.051735881243095,-0.7770621230321676,-0.4913478373178819
olmoe,hotspot,simulated_saving_optimistic_codec,cvar_incremental_positive_accuracy_harm,5.0,uniform_full,0.0,0.0,-4.623164452671666,-3.194593024100238,-2.4913478373178815,-1.7770621230321675
olmoe,hotspot,simulated_saving_optimistic_codec,cvar_incremental_positive_accuracy_harm,10.0,uniform_full,0.0,0.0,-9.623164452671666,-6.76602159552881,-5.348490694460739,-3.9199192658893103
olmoe,hotspot,simulated_saving_optimistic_codec,mean_incremental_positive_nll_harm,0.0,uniform_low;calib_static,0.3768355473283336,0.0,0.3768355473283336,0.3768355473283336,0.3657950198249752,0.3657950198249752
olmoe,hotspot,simulated_saving_optimistic_codec,mean_incremental_positive_nll_harm,0.1,calib_static,0.3714536453004584,0.0,0.3693331220060244,0.3714536453004584,0.36134531013386795,0.36088033485876864
olmoe,hotspot,simulated_saving_optimistic_codec,mean_incremental_positive_nll_harm,0.2,calib_static,0.3660717432725832,0.0,0.3618306966837153,0.3660717432725832,0.35689560044276064,0.3559656498925621
olmoe,hotspot,simulated_saving_optimistic_codec,mean_incremental_positive_nll_harm,0.5,calib_static,0.34992603718895765,0.0,0.3393234207167879,0.34992603718895765,0.34354647136943883,0.34122159499394245
olmoe,hotspot,simulated_saving_optimistic_codec,mean_incremental_positive_nll_harm,1.0,calib_static,0.3230165270495817,0.0,0.3018112941052422,0.3230165270495817,0.32129792291390247,0.3166481701629097
olmoe,hotspot,simulated_saving_optimistic_codec,mean_incremental_positive_nll_harm,2.0,causal_no_hysteresis,0.27680082600282974,0.0,0.22678704088215085,0.2691975067708299,0.27680082600282974,0.2675013205008442
olmoe,hotspot,simulated_saving_optimistic_codec,mean_incremental_positive_nll_harm,5.0,causal_no_hysteresis,0.14330953526961154,0.0,0.001714281212876756,0.10774044593457432,0.14330953526961154,0.12006077151464767
olmoe,hotspot,simulated_saving_optimistic_codec,mean_incremental_positive_nll_harm,10.0,uniform_full,0.0,0.0,-0.37340698490258006,-0.16135465545918493,-0.07917594928575211,-0.12567347679567986
olmoe,hotspot,simulated_saving_optimistic_codec,cvar_incremental_positive_nll_harm,0.0,uniform_low;calib_static,0.3768355473283336,0.0,0.3768355473283336,0.3768355473283336,0.3657950198249752,0.3657950198249752
olmoe,hotspot,simulated_saving_optimistic_codec,cvar_incremental_positive_nll_harm,0.1,calib_static,0.3501502294032891,0.0,0.33998159611258955,0.3501502294032891,0.3403664471021315,0.3363478159503872
olmoe,hotspot,simulated_saving_optimistic_codec,cvar_incremental_positive_nll_harm,0.2,calib_static,0.32346491147824463,0.0,0.3031276448968455,0.32346491147824463,0.3149378743792878,0.30690061207579916
olmoe,hotspot,simulated_saving_optimistic_codec,cvar_incremental_positive_nll_harm,0.5,calib_static,0.24340895770311125,0.0,0.19256579124961348,0.24340895770311125,0.2386521562107566,0.21855900045203513
olmoe,hotspot,simulated_saving_optimistic_codec,cvar_incremental_positive_nll_harm,1.0,causal_no_hysteresis,0.11150929259653802,0.0,0.00829603517089339,0.10998236807788891,0.11150929259653802,0.07132298107909507
olmoe,hotspot,simulated_saving_optimistic_codec,cvar_incremental_positive_nll_harm,2.0,uniform_full,0.0,0.0,-0.3602434769865468,-0.15687081117255575,-0.14277643463189915,-0.22314905766678506
olmoe,hotspot,simulated_saving_optimistic_codec,cvar_incremental_positive_nll_harm,5.0,uniform_full,0.0,0.0,-1.4658620134588674,-0.9574303489238898,-0.9056336163172106,-1.1065651739044253
olmoe,hotspot,simulated_saving_optimistic_codec,cvar_incremental_positive_nll_harm,10.0,uniform_full,0.0,0.0,-3.3085595742460683,-2.291696245176113,-2.1770622524593963,-2.578925367633826
olmoe,hotspot,simulated_saving_serialized_tiles_codec,incremental_accuracy_harm,0.0,uniform_full,0.0,0.0,-38.784993366299425,-25.000457252980762,-27.359814715920002,-28.19952205923827
olmoe,hotspot,simulated_saving_serialized_tiles_codec,incremental_accuracy_harm,0.1,uniform_full,0.0,0.0,-38.791243366299426,-25.006707252980764,-27.36450221592,-28.19952205923827
olmoe,hotspot,simulated_saving_serialized_tiles_codec,incremental_accuracy_harm,0.2,uniform_full,0.0,0.0,-38.79749336629943,-25.012957252980762,-27.36918971592,-28.19952205923827
olmoe,hotspot,simulated_saving_serialized_tiles_codec,incremental_accuracy_harm,0.5,uniform_full,0.0,0.0,-38.816243366299425,-25.031707252980762,-27.383252215920002,-28.19952205923827
olmoe,hotspot,simulated_saving_serialized_tiles_codec,incremental_accuracy_harm,1.0,uniform_full,0.0,0.0,-38.847493366299425,-25.062957252980762,-27.406689715920002,-28.19952205923827
olmoe,hotspot,simulated_saving_serialized_tiles_codec,incremental_accuracy_harm,2.0,uniform_full,0.0,0.0,-38.909993366299425,-25.125457252980762,-27.453564715920002,-28.19952205923827
olmoe,hotspot,simulated_saving_serialized_tiles_codec,incremental_accuracy_harm,5.0,uniform_full,0.0,0.0,-39.097493366299425,-25.312957252980762,-27.594189715920002,-28.19952205923827
olmoe,hotspot,simulated_saving_serialized_tiles_codec,incremental_accuracy_harm,10.0,uniform_full,0.0,0.0,-39.409993366299425,-25.625457252980762,-27.828564715920002,-28.19952205923827
olmoe,hotspot,simulated_saving_serialized_tiles_codec,cvar_incremental_positive_accuracy_harm,0.0,uniform_full,0.0,0.0,-38.784993366299425,-25.000457252980762,-27.359814715920002,-28.19952205923827
olmoe,hotspot,simulated_saving_serialized_tiles_codec,cvar_incremental_positive_accuracy_harm,0.1,uniform_full,0.0,0.0,-38.884993366299426,-25.071885824409335,-27.41695757306286,-28.242379202095414
olmoe,hotspot,simulated_saving_serialized_tiles_codec,cvar_incremental_positive_accuracy_harm,0.2,uniform_full,0.0,0.0,-38.98499336629943,-25.143314395837905,-27.474100430205716,-28.285236344952555
olmoe,hotspot,simulated_saving_serialized_tiles_codec,cvar_incremental_positive_accuracy_harm,0.5,uniform_full,0.0,0.0,-39.284993366299425,-25.35760011012362,-27.645529001634287,-28.413807773523985
olmoe,hotspot,simulated_saving_serialized_tiles_codec,cvar_incremental_positive_accuracy_harm,1.0,uniform_full,0.0,0.0,-39.784993366299425,-25.714742967266478,-27.931243287348575,-28.628093487809696
olmoe,hotspot,simulated_saving_serialized_tiles_codec,cvar_incremental_positive_accuracy_harm,2.0,uniform_full,0.0,0.0,-40.784993366299425,-26.42902868155219,-28.502671858777145,-29.056664916381127
olmoe,hotspot,simulated_saving_serialized_tiles_codec,cvar_incremental_positive_accuracy_harm,5.0,uniform_full,0.0,0.0,-43.784993366299425,-28.571885824409335,-30.21695757306286,-30.34237920209541
olmoe,hotspot,simulated_saving_serialized_tiles_codec,cvar_incremental_positive_accuracy_harm,10.0,uniform_full,0.0,0.0,-48.784993366299425,-32.143314395837905,-33.07410043020572,-32.485236344952554
olmoe,hotspot,simulated_saving_serialized_tiles_codec,mean_incremental_positive_nll_harm,0.0,uniform_full,0.0,0.0,-38.784993366299425,-25.000457252980762,-27.359814715920002,-28.19952205923827
olmoe,hotspot,simulated_saving_serialized_tiles_codec,mean_incremental_positive_nll_harm,0.1,uniform_full,0.0,0.0,-38.79249579162173,-25.005839155008637,-27.36426442561111,-28.204436744204475
olmoe,hotspot,simulated_saving_serialized_tiles_codec,mean_incremental_positive_nll_harm,0.2,uniform_full,0.0,0.0,-38.79999821694404,-25.01122105703651,-27.368714135302216,-28.20935142917068
olmoe,hotspot,simulated_saving_serialized_tiles_codec,mean_incremental_positive_nll_harm,0.5,uniform_full,0.0,0.0,-38.82250549291097,-25.02736676312014,-27.38206326437554,-28.224095484069302
olmoe,hotspot,simulated_saving_serialized_tiles_codec,mean_incremental_positive_nll_harm,1.0,uniform_full,0.0,0.0,-38.860017619522516,-25.054276273259514,-27.404311812831075,-28.248668908900335
olmoe,hotspot,simulated_saving_serialized_tiles_codec,mean_incremental_positive_nll_harm,2.0,uniform_full,0.0,0.0,-38.93504187274561,-25.108095293538266,-27.448808909742148,-28.2978157585624
olmoe,hotspot,simulated_saving_serialized_tiles_codec,mean_incremental_positive_nll_harm,5.0,uniform_full,0.0,0.0,-39.16011463241488,-25.26955235437452,-27.582300200475366,-28.445256307548597
olmoe,hotspot,simulated_saving_serialized_tiles_codec,mean_incremental_positive_nll_harm,10.0,uniform_full,0.0,0.0,-39.53523589853034,-25.53864745576828,-27.80478568503073,-28.690990555858924
olmoe,hotspot,simulated_saving_serialized_tiles_codec,cvar_incremental_positive_nll_harm,0.0,uniform_full,0.0,0.0,-38.784993366299425,-25.000457252980762,-27.359814715920002,-28.19952205923827
olmoe,hotspot,simulated_saving_serialized_tiles_codec,cvar_incremental_positive_nll_harm,0.1,uniform_full,0.0,0.0,-38.82184731751517,-25.027142570905806,-27.385243288642847,-28.22896926311286
olmoe,hotspot,simulated_saving_serialized_tiles_codec,cvar_incremental_positive_nll_harm,0.2,uniform_full,0.0,0.0,-38.85870126873091,-25.053827888830853,-27.41067186136569,-28.258416466987445
olmoe,hotspot,simulated_saving_serialized_tiles_codec,cvar_incremental_positive_nll_harm,0.5,uniform_full,0.0,0.0,-38.969263122378145,-25.133883842605986,-27.48695757953422,-28.34675807861121
olmoe,hotspot,simulated_saving_serialized_tiles_codec,cvar_incremental_positive_nll_harm,1.0,uniform_full,0.0,0.0,-39.153532878456865,-25.267310432231206,-27.61410044314844,-28.49399409798415
olmoe,hotspot,simulated_saving_serialized_tiles_codec,cvar_incremental_positive_nll_harm,2.0,uniform_full,0.0,0.0,-39.522072390614305,-25.534163611481652,-27.868386170376876,-28.78846613673003
olmoe,hotspot,simulated_saving_serialized_tiles_codec,cvar_incremental_positive_nll_harm,5.0,uniform_full,0.0,0.0,-40.627690927086626,-26.334723149232985,-28.63124335206219,-29.67188225296767
olmoe,hotspot,simulated_saving_serialized_tiles_codec,cvar_incremental_positive_nll_harm,10.0,uniform_full,0.0,0.0,-42.47038848787383,-27.66898904548521,-29.902671988204375,-31.14424244669707
