mode,layer,pairs,revisits,revisit_rate,same_rank_revisit_rate,payload_bytes,payload_bytes_per_pair,residual_to_raw_energy,direct_hit_rel_mse,temporal_hit_rel_mse,combine_relative_mse
full,0,152,55,0.3618421052631579,0.046052631578947366,622592,4096.0,1.55362897780492,0.01932750337120663,0.030492969055774335,0.0
full,1,152,49,0.3223684210526316,0.046052631578947366,622592,4096.0,1.7969009394476334,0.013826477911425883,0.024649690322508012,0.0
full,2,152,59,0.3881578947368421,0.05921052631578947,622592,4096.0,1.5360268731888822,0.013762169646156808,0.02108888275014237,0.0
full,3,152,50,0.32894736842105265,0.05263157894736842,622592,4096.0,1.496285084960988,0.013757589260337485,0.020680452541341314,0.0
full,4,152,67,0.4407894736842105,0.13815789473684212,622592,4096.0,1.341072601511249,0.013754008637706164,0.018368256725478208,0.0
full,5,152,71,0.46710526315789475,0.05921052631578947,622592,4096.0,1.363989309056099,0.014104628841926798,0.01866541245664335,0.0
full,6,152,68,0.4473684210526316,0.09868421052631579,622592,4096.0,1.4062646094226874,0.01405118932889497,0.018528686922607104,0.0
full,7,152,66,0.4342105263157895,0.039473684210526314,622592,4096.0,1.343306587441248,0.01432406107142892,0.018539853330398592,0.0
full,8,152,60,0.39473684210526316,0.05263157894736842,622592,4096.0,1.2962993783893464,0.01417719387457466,0.018326154473861034,0.0
full,9,152,55,0.3618421052631579,0.05921052631578947,622592,4096.0,1.4333065846862754,0.014334361995018759,0.019862671982487628,0.0
full,10,152,40,0.2631578947368421,0.05921052631578947,622592,4096.0,1.2912314729175984,0.013835155177335082,0.01795724466970644,0.0
full,11,152,60,0.39473684210526316,0.046052631578947366,622592,4096.0,1.0990865644206984,0.013875119846534126,0.01562502638681516,0.0
full,12,152,60,0.39473684210526316,0.09210526315789473,622592,4096.0,1.09158747623021,0.014051063540943454,0.015275480343172538,0.0
full,13,152,59,0.3881578947368421,0.07236842105263158,622592,4096.0,0.9869382657575096,0.014242460729279297,0.013884670506868365,0.0
full,14,152,62,0.40789473684210525,0.11842105263157894,622592,4096.0,1.065764268509095,0.01592540825985495,0.015287176107229648,0.0
full,15,152,58,0.3815789473684211,0.10526315789473684,622592,4096.0,0.8882051334572584,0.01934040149329752,0.015113264383264395,0.0
uniform_fp8,0,152,55,0.3618421052631579,0.046052631578947366,311904,2052.0,1.55362897780492,0.01932750337120663,0.030492969055774335,0.0004310503886198071
uniform_fp8,1,152,49,0.3223684210526316,0.039473684210526314,311904,2052.0,1.7975565200553838,0.013833038290809209,0.02460847211420686,9.988993074063182e-05
uniform_fp8,2,152,59,0.3881578947368421,0.05263157894736842,311904,2052.0,1.5344994591329968,0.013751230048513441,0.021113916893167918,2.9825197161535335e-05
uniform_fp8,3,152,50,0.32894736842105265,0.06578947368421052,311904,2052.0,1.4966438253902496,0.013744924350281601,0.02072540092129313,2.804945070687654e-05
uniform_fp8,4,152,68,0.4473684210526316,0.13815789473684212,311904,2052.0,1.3436427352149842,0.01380113686708899,0.01846120751113066,0.00015086383311462166
uniform_fp8,5,152,69,0.45394736842105265,0.05921052631578947,311904,2052.0,1.3604396669634737,0.014076939403385268,0.018580746730448804,0.0005944691015293494
uniform_fp8,6,152,68,0.4473684210526316,0.10526315789473684,311904,2052.0,1.4400454994752392,0.014042377685333477,0.019163369028878132,0.0005871974632798202
uniform_fp8,7,152,66,0.4342105263157895,0.046052631578947366,311904,2052.0,1.3252902828353117,0.014429072713930336,0.018366260240551952,0.000584339417021226
uniform_fp8,8,152,59,0.3881578947368421,0.06578947368421052,311904,2052.0,1.2923984769533219,0.014170537571245586,0.01819549410025164,0.00018295153081766136
uniform_fp8,9,152,54,0.35526315789473684,0.07236842105263158,311904,2052.0,1.4289174338621917,0.014233020757471354,0.019495820454541367,0.00011866230965297516
uniform_fp8,10,152,38,0.25,0.03289473684210526,311904,2052.0,1.2735262195032815,0.013832451239239993,0.017721351382716535,0.0003585860663405665
uniform_fp8,11,152,59,0.3881578947368421,0.046052631578947366,311904,2052.0,1.1056401618416378,0.013888639934078285,0.015704781723476793,0.0005833901710518552
uniform_fp8,12,152,61,0.40131578947368424,0.125,311904,2052.0,1.0916928762371114,0.014069520821179937,0.015258948193271572,0.0006328221245869247
uniform_fp8,13,152,56,0.3684210526315789,0.07894736842105263,311904,2052.0,0.9569203931763042,0.0141109376564153,0.013520648753912692,0.000669713688171898
uniform_fp8,14,152,64,0.42105263157894735,0.09210526315789473,311904,2052.0,1.0669240797876587,0.015903896405658712,0.015515172138985437,0.0004078556373934503
uniform_fp8,15,152,59,0.3881578947368421,0.14473684210526316,311904,2052.0,0.8647492162971387,0.020247755112106906,0.014849817793988647,0.00032749207352764104
uniform_mxfp4,0,152,55,0.3618421052631579,0.046052631578947366,165376,1088.0,1.55362897780492,0.01932750337120663,0.030492969055774335,0.012409476971691969
uniform_mxfp4,1,152,46,0.3026315789473684,0.046052631578947366,165376,1088.0,1.806554239556313,0.013807451936209986,0.024817902961700482,0.0034674909872614347
uniform_mxfp4,2,152,59,0.3881578947368421,0.046052631578947366,165376,1088.0,1.5274947176035352,0.013762568856484686,0.020954071378294702,0.0021293323257939693
uniform_mxfp4,3,152,48,0.3157894736842105,0.039473684210526314,165376,1088.0,1.4876110396301299,0.013586590016598192,0.02059767739297203,0.0018955252318296964
uniform_mxfp4,4,152,65,0.4276315789473684,0.13815789473684212,165376,1088.0,1.3563427807335287,0.013731786983039417,0.01871104005842844,0.006866486644319371
uniform_mxfp4,5,152,67,0.4407894736842105,0.06578947368421052,165376,1088.0,1.3769025561518036,0.013930466859523007,0.018847020539135867,0.01159262746325242
uniform_mxfp4,6,152,73,0.48026315789473684,0.08552631578947369,165376,1088.0,1.3865539452975133,0.014104340491547825,0.019535565953429066,0.012198140264878867
uniform_mxfp4,7,152,68,0.4473684210526316,0.046052631578947366,165376,1088.0,1.3433214374010765,0.01435023639052568,0.018565962232556438,0.011854279848831596
uniform_mxfp4,8,152,55,0.3618421052631579,0.05263157894736842,165376,1088.0,1.3204067594556819,0.014198881480448133,0.018560669126119894,0.013222763610020317
uniform_mxfp4,9,152,56,0.3684210526315789,0.07236842105263158,165376,1088.0,1.476090407339653,0.014285470664482923,0.02047281257623385,0.0029375309647136374
uniform_mxfp4,10,152,42,0.27631578947368424,0.046052631578947366,165376,1088.0,1.3025556693157516,0.013809300513258325,0.017858531381224795,0.017941367048858018
uniform_mxfp4,11,152,61,0.40131578947368424,0.05921052631578947,165376,1088.0,1.071953067543541,0.013981332964356614,0.015242439990898466,0.012949122760619105
uniform_mxfp4,12,152,62,0.40789473684210525,0.13157894736842105,165376,1088.0,1.0489703129691228,0.01406148130826218,0.014654837694150456,0.012436966054542215
uniform_mxfp4,13,152,59,0.3881578947368421,0.07236842105263158,165376,1088.0,0.9656823452173374,0.01399210326412253,0.01356345606798887,0.013519672249231465
uniform_mxfp4,14,152,61,0.40131578947368424,0.09210526315789473,165376,1088.0,1.0608233012148542,0.015894964924766164,0.015204962001242203,0.010514266242344389
uniform_mxfp4,15,152,60,0.39473684210526316,0.11842105263157894,165376,1088.0,0.8604890543050859,0.020350887342075075,0.01493295369104729,0.00997586142498381
revisit_abs_mxfp4,0,152,55,0.3618421052631579,0.046052631578947366,258903,1703.3092105263158,1.55362897780492,0.01932750337120663,0.030492969055774335,0.004869830883433202
revisit_abs_mxfp4,1,152,49,0.3223684210526316,0.046052631578947366,264687,1741.3618421052631,1.79929680381063,0.013852580998967742,0.024573042901249214,0.0001560879454858172
revisit_abs_mxfp4,2,152,57,0.375,0.03289473684210526,256975,1690.625,1.5232291193387717,0.013784296825185702,0.02097623403815812,3.1261302544752717e-05
revisit_abs_mxfp4,3,152,50,0.32894736842105265,0.05263157894736842,263723,1735.0197368421052,1.4972411548367897,0.013703581374209796,0.02064752943631918,0.00012425203060289575
revisit_abs_mxfp4,4,152,70,0.4605263157894737,0.1513157894736842,244443,1608.1776315789473,1.351771311747579,0.013837621790539444,0.018677013590214307,0.0008598397436277396
revisit_abs_mxfp4,5,152,63,0.4144736842105263,0.046052631578947366,251191,1652.5723684210527,1.3595220949061713,0.014022189263890794,0.018644058827391646,0.005317002649576588
revisit_abs_mxfp4,6,152,70,0.4605263157894737,0.07236842105263158,244443,1608.1776315789473,1.4284539473399929,0.014067666295742217,0.018987923712323607,0.006149322132259006
revisit_abs_mxfp4,7,152,69,0.45394736842105265,0.05263157894736842,245407,1614.5197368421052,1.3209318712400167,0.014343726717141106,0.018223739743206402,0.00617800168955855
revisit_abs_mxfp4,8,152,62,0.40789473684210525,0.05921052631578947,252155,1658.9144736842106,1.290289777429392,0.014240740054440567,0.018028926118361044,0.0016683583621423881
revisit_abs_mxfp4,9,152,53,0.34868421052631576,0.05263157894736842,260831,1715.9934210526317,1.4015205878823027,0.014326311207085383,0.01927686860304745,0.0009448976887394563
revisit_abs_mxfp4,10,152,41,0.26973684210526316,0.05921052631578947,272399,1792.0986842105262,1.200158381991661,0.013782463118407117,0.016621442604111896,0.0018607930163075876
revisit_abs_mxfp4,11,152,60,0.39473684210526316,0.05921052631578947,254083,1671.5986842105262,1.0809183345431332,0.013807719170973164,0.015245154001521976,0.003840698052902525
revisit_abs_mxfp4,12,152,60,0.39473684210526316,0.11842105263157894,254083,1671.5986842105262,1.0607775008804639,0.014070491708020879,0.014831416968672679,0.008390490415081336
revisit_abs_mxfp4,13,152,58,0.3815789473684211,0.07894736842105263,256011,1684.282894736842,0.958421383358997,0.01391780693254917,0.013366529908181043,0.007110060521051899
revisit_abs_mxfp4,14,152,64,0.42105263157894735,0.09210526315789473,250227,1646.2302631578948,1.0588007481424615,0.015374939055686326,0.015209368603896562,0.0044267372161810445
revisit_abs_mxfp4,15,152,60,0.39473684210526316,0.125,254083,1671.5986842105262,0.8493887439408592,0.019212176247976182,0.014365483261255979,0.003859778793232203
temporal_delta_mxfp4,0,152,55,0.3618421052631579,0.046052631578947366,258903,1703.3092105263158,1.55362897780492,0.01932750337120663,0.030492969055774335,0.007812307649289663
temporal_delta_mxfp4,1,152,47,0.3092105263157895,0.05263157894736842,266615,1754.046052631579,1.794641358676627,0.013782038436511096,0.024679055144017883,0.00017706931594717768
temporal_delta_mxfp4,2,152,58,0.3815789473684211,0.06578947368421052,256011,1684.282894736842,1.533760895533574,0.013803146400641586,0.021121153301467507,3.1885351516339484e-05
temporal_delta_mxfp4,3,152,51,0.3355263157894737,0.046052631578947366,262759,1728.6776315789473,1.485944095485178,0.013691186055453167,0.02054110554935079,0.00016517579863606564
temporal_delta_mxfp4,4,152,67,0.4407894736842105,0.125,247335,1627.203947368421,1.3400493314304682,0.013787977617939285,0.018401336375823415,0.0010009229814911917
temporal_delta_mxfp4,5,152,65,0.4276315789473684,0.07894736842105263,249263,1639.8881578947369,1.3443255147611886,0.014078922312916357,0.018478090015027274,0.007281565607314577
temporal_delta_mxfp4,6,152,68,0.4473684210526316,0.07894736842105263,246371,1620.8618421052631,1.41741733142018,0.014011160524585408,0.01882248309097732,0.008145758839647594
temporal_delta_mxfp4,7,152,69,0.45394736842105265,0.09210526315789473,245407,1614.5197368421052,1.297160677461343,0.014281649183806411,0.017915452492851505,0.007608361450871422
temporal_delta_mxfp4,8,152,64,0.42105263157894735,0.05263157894736842,250227,1646.2302631578948,1.2798324971721156,0.014213273201867974,0.017946991037822466,0.0020113576559180443
temporal_delta_mxfp4,9,152,54,0.35526315789473684,0.07236842105263158,259867,1709.6513157894738,1.4247883828247545,0.014213933128027208,0.019516051533711568,0.0012092927540877773
temporal_delta_mxfp4,10,152,39,0.2565789473684211,0.05263157894736842,274327,1804.782894736842,1.260677077466678,0.013867337514275591,0.017443526152212598,0.0020226287706355426
temporal_delta_mxfp4,11,152,59,0.3881578947368421,0.02631578947368421,255047,1677.9407894736842,1.0905276736445453,0.01379723260418711,0.01532855502306638,0.0035748550464404947
temporal_delta_mxfp4,12,152,59,0.3881578947368421,0.10526315789473684,255047,1677.9407894736842,1.0756983954277077,0.014164088564146127,0.01511797025855385,0.008251200374515481
temporal_delta_mxfp4,13,152,54,0.35526315789473684,0.05263157894736842,259867,1709.6513157894738,0.9165416182579441,0.01416279877341837,0.012793997777540315,0.005057469651706337
temporal_delta_mxfp4,14,152,62,0.40789473684210525,0.11842105263157894,252155,1658.9144736842106,1.0412527727852807,0.0159680029847969,0.015019329106473541,0.004132261722436118
temporal_delta_mxfp4,15,152,60,0.39473684210526316,0.13157894736842105,254083,1671.5986842105262,0.8689774589931513,0.0193268792397916,0.01525548882338222,0.002895280752755441
