sample_id,token_count,full__kl,full__nll,uniform_fp8__kl,uniform_fp8__nll,uniform_int4__kl,uniform_int4__nll,rank1_int4__kl,rank1_int4__nll,rankk_int4__kl,rankk_int4__nll,fp8top6_rest_int4__kl,fp8top6_rest_int4__nll,fp8top4_rest_int4__kl,fp8top4_rest_int4__nll,fp8top3_rest_int4__kl,fp8top3_rest_int4__nll,fp8top2_rest_int4__kl,fp8top2_rest_int4__nll
600,128,0.0,2.01781265378937,0.0041920148481534225,2.0178253894715796,0.32977415069820376,2.438285767562746,0.2422819212665708,2.4389770988404282,0.0036696892554365745,2.0341256209245815,0.009878102249986543,2.046700785479208,0.024487003566711907,2.0555713082861713,0.029081727576068066,2.0676480991633857,0.042834503444161,2.070031353807825
601,128,0.0,2.131839782234252,0.0027254162810918855,2.1369299700879676,0.20892125227319913,2.305257722148745,0.14660431268646962,2.2843176173412894,0.004132940074590247,2.1282180425688977,0.008271295254624734,2.1293455108882875,0.020449311714472732,2.159023495171014,0.03186863426148422,2.1710120974563236,0.05088060484157773,2.203318678487943
602,128,0.0,2.5794576810100884,0.004888300820598452,2.5832908810593014,0.2482636369119479,2.7578737754521407,0.18482987711748738,2.7029620793860727,0.005952417381166473,2.5718854769008366,0.01129805384658453,2.563907653328002,0.028702869190005805,2.524297518992987,0.04263332697350209,2.5261968177134597,0.05658270993570643,2.5531935804472194
603,128,0.0,2.841334545706201,0.0042734155504722295,2.844634048582062,0.24343124149352546,3.0951139194758857,0.15174508282518762,2.9541289562315454,0.003215577658705824,2.846717654250738,0.008717353888384,2.8660023606668306,0.023359942623949425,2.8915772926150343,0.03795315900186854,2.928073672797736,0.04845433723269485,2.944292203647884
604,128,0.0,1.6985109584538016,0.004381865028321274,1.6774974432517225,0.3107925174743172,2.1693071981114667,0.279282186913678,2.0163016732283463,0.0037031267571637013,1.6869670237143208,0.008979921265849917,1.694908082015871,0.024095118515134798,1.738276804526021,0.03293011132187731,1.7488081323818898,0.049366928461029774,1.8076652466781495
605,128,0.0,0.9880742951640933,0.006155762146777055,0.9852107491080216,0.3145421245905358,1.508632629875123,0.33115918617548906,1.5188175712044782,0.00450191159886638,0.9907933633158527,0.008378362092446155,1.003358255221149,0.021278989596629706,1.002697862039401,0.046645855340431995,1.0268004409910187,0.06966246957854023,1.0831056129275345
606,128,0.0,2.321874423289862,0.00433748913562204,2.315295121801181,0.25594065508504554,2.623738927165354,0.16190284068190205,2.4997265432763287,0.0058221413394597575,2.3145019050658218,0.010678410530090332,2.339746670460138,0.026225033707506076,2.356187715305118,0.04170839805302658,2.362770140640379,0.06288278759933832,2.3993994044506644
607,128,0.0,2.339834859052042,0.00398712036177868,2.328250915046752,0.1794341079832062,2.5496667576587106,0.2483952740045983,2.667077252245325,0.004059442854303074,2.34128288208969,0.010694950584351546,2.3268860343873032,0.021496363512174353,2.323070616234006,0.029715021764199566,2.336305633304626,0.04530028095395546,2.3526366226316435
608,128,0.0,2.146279642901083,0.00416640690931185,2.1507255974717028,0.23790822066660003,2.429258571835015,0.17244984784464198,2.3867408572219486,0.0047611148338618245,2.149165115957185,0.009650515759085107,2.1669710414616143,0.02758093706266148,2.178990161325049,0.03849897985383281,2.1859123650498278,0.050480373262420414,2.212883175827387
609,128,0.0,2.079569178303396,0.002762127579666498,2.0826069989542324,0.2594145226666308,2.295804001214936,0.17605724484901727,2.2571800412155514,0.003767503528144416,2.0845135065514273,0.008025663105521615,2.085392989511565,0.02138223610525056,2.104075754721334,0.03032642274390994,2.1348756805179625,0.04545880865862989,2.1313202625184546
610,128,0.0,2.9247424508642963,0.006308251478540616,2.941231795183317,0.3092831589105561,3.2395884596456694,0.2063441839743787,3.1195169283649116,0.003907021575086699,2.9222272737758366,0.01225866670683613,2.95333381712906,0.023986531054879738,2.9472564937561514,0.03957831014798382,2.9673046202171505,0.060311152240422765,2.951408326156496
611,128,0.0,2.691074161078986,0.002422886805271539,2.7055572750061514,0.22559999480960877,2.8658711591104824,0.16387209554356852,2.8259298970380167,0.0029715956665399505,2.7005055344949556,0.006827304682393712,2.7031884381151574,0.01815068627905658,2.6941002072311764,0.026636910250806434,2.7244277113065944,0.04627909622793123,2.7262996162955218
612,128,0.0,1.9203049066498523,0.005153250506543737,1.9195979561392718,0.25256356667345903,2.142335906742126,0.19904965678537925,2.132625549796998,0.006817035787687527,1.9048363392747294,0.011307949156273069,1.908251664769931,0.030403991383830393,1.9263427013487329,0.0384870814526175,1.9013723538616512,0.04913280517097533,1.9276207150436762
613,128,0.0,1.9967557651790109,0.0037448964719697247,2.000020905742495,0.20815739669199065,2.1701342965674213,0.14670929195374016,2.1109854630597935,0.003818147060439343,1.996530007189653,0.01014455284659318,2.0092749407910926,0.022258728507935532,2.0473541500061514,0.030300420100294698,2.028565414308563,0.04330376752718227,2.0310568021038384
614,128,0.0,1.6187919556625245,0.00218300509640551,1.6169455220380167,0.23868906216358576,1.8713618000661294,0.16643401018277867,1.8824722410187007,0.003323998038224348,1.6133949099563238,0.006196861191997378,1.6031897837721456,0.021478483996053382,1.63352882205032,0.03102872690816564,1.6475207711767963,0.045386059077705924,1.6306666576956201
615,128,0.0,2.0101079264963704,0.00475640653625248,2.0111219751553273,0.26362964299720104,2.2116086464228593,0.33983521949587847,2.406749815452756,0.006661479867349459,2.0226531742125986,0.012773374872883474,2.010965662678396,0.022683894540381243,1.9956604965089813,0.03424659864170345,2.037503460260827,0.053142021960160865,1.9831407201571727
616,128,0.0,0.8335711862158588,0.005232557067720908,0.8308628112312377,0.37711628590981794,1.2657577634796382,0.30483107679472193,1.1956071027620572,0.00803693917792613,0.8197431789608453,0.013066371594827006,0.8358232393039493,0.01973000661594661,0.8238253856268455,0.029878477411945974,0.819677397960753,0.0476664370439184,0.8604954997385581
617,128,0.0,1.659995612197035,0.002787295523590929,1.6519000436377338,0.17475653821089138,1.8702673724317176,0.18577876053457185,1.96419807494156,0.0034137084258822944,1.6580975149560162,0.011106108117291309,1.6662898026113435,0.021238340167548712,1.6477775273360604,0.032024897928313006,1.6924765278973917,0.043090448604793996,1.7007133904404528
618,128,0.0,2.0454985851377954,0.0037157117851137175,2.0474392147514764,0.24401957594503568,2.2824464332400343,0.1564007255974717,2.1825806625246065,0.0030054069879486803,2.041727141132505,0.007713438957694947,2.0374933678334153,0.020527073717492773,2.0600122166430856,0.03197968099999616,2.071677140363558,0.04432903500053826,2.088741272453248
619,128,0.0,2.28099624753937,0.0026885111500897746,2.2887433870570866,0.3086015596164493,2.5076971579724407,0.18644529628002737,2.4434761588029037,0.0036734577239029053,2.2908724086491143,0.009058303720369114,2.3138384481114667,0.03208601944089875,2.317086527666708,0.04675325258510319,2.341877614419291,0.05851992284219096,2.3718619759627213
620,128,0.0,2.625594972625492,0.004303905907578356,2.6178574449434056,0.2767616932786356,2.938134381151575,0.18792244017593504,2.8078411432701773,0.005040158436992976,2.635782557209646,0.011343787035604161,2.6398281788262796,0.029535584562406764,2.6363652747447097,0.04067817447692391,2.658512145515502,0.05567852906354769,2.6834716796875
621,128,0.0,1.5249422328678641,0.0028493812703710843,1.5224282572588583,0.21266401095653142,1.820456076794722,0.17254811384546476,1.7902441550427535,0.003980299619239147,1.5280444528174213,0.009701571126622477,1.5429050715889518,0.019857066822802926,1.517001174566314,0.023872837306946282,1.5590652105376477,0.03461658297561285,1.5641472283310778
622,128,0.0,1.9736145500123032,0.004422088307658519,1.9670059324249507,0.2092312790277436,2.1354946827325296,0.1486383723461722,2.119514285110113,0.004460450232498289,1.9753864919106792,0.01158752403860017,1.9775340162862942,0.02233113641813984,1.9694850651297982,0.03350206435196043,1.9957742766132505,0.039352221751776266,1.948200736458846
623,128,0.0,1.6722306379183072,0.003992277806199442,1.6737723763533465,0.31660659669891117,1.9803529273806595,0.18011121674785463,1.8723756084291954,0.0031694645487417386,1.66853729007751,0.007136655135417547,1.6638656976654773,0.017241579341137504,1.6787569541630782,0.02687325815516194,1.698983260027067,0.051216579797699696,1.6697523462490773
624,128,0.0,1.4916723056102361,0.006918975218074528,1.4621165117879553,0.2567272036094365,1.7984263502706692,0.19293448680967795,1.7320078451802412,0.005072660333528293,1.4876138281634474,0.012269086725129856,1.4765574537862942,0.026875473382904774,1.469645342488927,0.031010364922951526,1.5062046801950049,0.0505899594524714,1.505549393300935
625,128,0.0,2.099591352808194,0.00677037239074707,2.1042177695927657,0.3171990762545368,2.457360455370325,0.2940457561823327,2.411012664554626,0.006553880811676266,2.119731032003568,0.011958214241688647,2.1062934454970472,0.023190427014208214,2.109052522914616,0.05413556662131482,2.166203536386565,0.049748101572352134,2.15900619386688
626,128,0.0,2.3750874677042324,0.003591017929587777,2.3713804229976625,0.19436855766716904,2.5296231968196357,0.21452465207557977,2.5632175235297736,0.003230136445188147,2.370236614557702,0.00873663481764906,2.3669599397914616,0.02331449854092335,2.359836368110236,0.049606236885851765,2.398365651528666,0.06879477613554226,2.3825013168214815
627,128,0.0,1.8598925973486713,0.004314049491732139,1.866414227823573,0.1984465591550812,2.0344863050565944,0.18062183049720104,2.1339608740618847,0.0039077734384011095,1.8545133335383859,0.011166349170714851,1.8602174773929625,0.01846280435877522,1.8529206523745079,0.029102760975755107,1.8574009692575049,0.05039970518097164,1.892710528035802
628,128,0.0,2.442342683086245,0.004017830364347443,2.440269410140871,0.2504198569951095,2.6478889044814222,0.17646382549616296,2.6380853127306843,0.004183748575646107,2.436862014410064,0.010567132882245882,2.444791057917077,0.031029887086763158,2.443617693082554,0.04318856817530835,2.476323165292815,0.05819832809328094,2.470915786863312
629,128,0.0,2.11411315437377,0.0033951795945956014,2.112136960968258,0.23896866145096426,2.3013507512610727,0.18794442724993848,2.2591245155634843,0.003567682476494256,2.1208118829201528,0.012650875594672255,2.12212173582062,0.0238195554477962,2.1367180291123278,0.03786452360979215,2.150240920660064,0.05586968819926104,2.1822399229515255
630,128,0.0,2.9426416111743356,0.0034349093756337805,2.938196377491388,0.23307939964955246,3.1646178238035185,0.19999526617095226,3.165502352977362,0.004599308404396838,2.939679964320866,0.008185756488109198,2.9362826610174704,0.028304167619840368,2.9339203121155264,0.045997679702878935,2.9256721556656005,0.045623366288312775,2.960411251999262
631,128,0.0,3.0610779289185532,0.0026155278438658226,3.0496162955216537,0.2578598382904774,3.338621124507874,0.2688233383058563,3.3681472417876477,0.0035560943010285143,3.0505375899667815,0.00794856660948025,3.0556635819082185,0.02106412564675639,3.0517494021438236,0.034057635960616464,3.0635611466535435,0.049157705832654094,3.083309143546998
632,128,0.0,1.9416190320112574,0.003682717094271202,1.9356129563699558,0.2686783197357899,2.2629581962044782,0.258619864155927,2.2952025406003935,0.004357339828971803,1.9464915117879553,0.011283525331752507,1.9570062592273623,0.02383535490261288,1.981336098017655,0.03508488962969442,2.0129046102208417,0.05288431963582677,1.9790288970226377
633,128,0.0,2.6445173128383366,0.003393301813621221,2.649868942621186,0.2463882926880844,2.861330047367126,0.1952962800273745,2.8978221022237944,0.00373989202844815,2.651162455401083,0.010747949908098837,2.6544605165015995,0.026698508600550373,2.6632781742125986,0.03528521755548913,2.6488070750799704,0.051087912612074,2.670376034233514
634,128,0.0,2.253290371632013,0.0036848168673477774,2.2549640325110727,0.21741065077894317,2.4365698146069144,0.16944793641097902,2.3423980953186514,0.003813131587711845,2.261391947588583,0.009256685812642254,2.259032241941437,0.02327469765670656,2.2966053880105806,0.034607601916696144,2.2803282249630907,0.04706687251413901,2.3050738957923227
635,128,0.0,2.5722050704355315,0.002889975788086418,2.5832370547797736,0.21227648877722072,2.7844072477085384,0.18663484468234806,2.7597223717396653,0.0038686960231600785,2.566678985835999,0.00855562442869652,2.574306458000123,0.021435752628356453,2.5705686554195375,0.03313194860623577,2.58971206785187,0.050491325498565914,2.590822234867126
636,128,0.0,2.2889769546628935,0.0033494553228062907,2.2878069539708417,0.19447077353169598,2.4433721106822097,0.1522303453580601,2.4173076960045523,0.004045501468688485,2.277231531819021,0.007287386834152101,2.27097038208969,0.021986993279044083,2.274700254905881,0.03963143806757889,2.3063923993448574,0.046398444438543844,2.353518508550689
637,128,0.0,1.2881243848425197,0.0018405961239431788,1.2855523777758981,0.177677274688961,1.5263352281465306,0.15233661621574343,1.5073854942021407,0.00166350978565967,1.286070816160187,0.004599537436417707,1.289589949480192,0.018999480825709545,1.304225891593873,0.042105351846049154,1.3088801827017718,0.0561411775003268,1.3186569814606914
638,128,0.0,2.2325891209399606,0.003287609402588972,2.2253602996585875,0.205514727614996,2.532067486620325,0.1473990462896392,2.425825224148007,0.002877118080619752,2.2381082369586616,0.006960386366356076,2.2366755928580218,0.02241416240301658,2.267173947311762,0.03018330401322973,2.296317032941683,0.04655747901736282,2.298546978807825
639,128,0.0,1.7045463501937745,0.002346869059435026,1.703170295775406,0.248312612218181,1.855210191621555,0.12041687402199572,1.759070448988066,0.00234835025832409,1.706009391724594,0.00536229197434553,1.7145197109913264,0.017967092709278498,1.7189275786632627,0.037025230137381966,1.7393613800289125,0.0540791158601055,1.7164933812899852
640,128,0.0,2.076119490495817,0.0033389311137161856,2.08687561515748,0.27048612579586,2.3278042049858514,0.21800895750991942,2.3075854684424213,0.0036638740479476807,2.0800067571204477,0.011431776632474163,2.0983586348886565,0.03483135493721549,2.0791861466535435,0.052380002389742636,2.110216996801181,0.08878673343207892,2.021219568928396
641,128,0.0,1.76528450072281,0.003316673706835649,1.765004315714198,0.3061121542622724,2.028864102100763,0.2309257627472164,2.075056902066929,0.003715688084054181,1.7613038791446236,0.009596945732597291,1.76412639467735,0.016781514085183934,1.7639819768470104,0.034014859537440024,1.8023413710706815,0.05643192801888534,1.8214880274975394
642,128,0.0,2.1277992068313236,0.006832942249268058,2.115161805640994,0.3137977179579847,2.396967850332185,0.233567725955032,2.3301177738219736,0.003776242413858729,2.13154037355438,0.011330195299283726,2.1256709061269685,0.031101885743028537,2.1704543706938977,0.04545993504561777,2.1379327248400593,0.0678331795639879,2.171992504690576
643,128,0.0,2.677698090320497,0.0030614369966852385,2.679349163385827,0.22242097028597133,2.9670083353838583,0.20032547778031956,2.9161975289892963,0.0047251103431221065,2.689448319082185,0.008209949403297244,2.6980244794229824,0.019186387850543645,2.72152541753814,0.05000803414292223,2.728377214566929,0.04924483562079002,2.7341827632874014
644,128,0.0,1.1528222992664248,0.0053660606774758165,1.150859922874631,0.30643973763533466,1.4883783295398623,0.3096905805933194,1.4782958744079109,0.005558817874728225,1.1503426859697958,0.010764050671434778,1.154980757105069,0.023284623003381445,1.1844633808286171,0.040547389683760995,1.1691912553441806,0.07345157533180056,1.1527450441375493
645,128,0.0,2.1144226554810532,0.0034085681119303064,2.102889894500492,0.24707453269658125,2.3508723702017718,0.1630644009807917,2.2720029335322343,0.002588661167565293,2.0918997216412403,0.006414624649708665,2.1151928038109005,0.019647369234580693,2.100114957554134,0.02810905111117626,2.090873658187746,0.04014483774740865,2.111281267301304
646,128,0.0,1.6132060373861958,0.002624638437286137,1.6106800469826525,0.2765944173016886,1.925050149752399,0.1808327051598256,1.815824133204663,0.0029145310244222326,1.6177591639240896,0.006187886703671433,1.6169596994955708,0.020854435567780744,1.6444084587998278,0.030222111799585536,1.619502991203248,0.04928302764892578,1.6345876858929012
647,128,0.0,1.6986576590951032,0.0038285565188550573,1.6909442811500368,0.2379106236255075,1.9949486199326403,0.16346015329436053,1.9441259188914861,0.00314952961103184,1.709136962890625,0.010082976085933174,1.7167423278328002,0.0263134363129383,1.6974636288139764,0.03934276010107806,1.736347108375369,0.05440120246466689,1.7378542442021407
648,128,0.0,2.507476806640625,0.0034284051947706326,2.5126823365218995,0.23385952025886594,2.7592932032787894,0.16218032236174335,2.719783993217889,0.004561870586215042,2.504076139194759,0.009151711238650825,2.512114517332062,0.02699144806448869,2.5262167622723917,0.03442804456695797,2.5012596310593014,0.04836904720997247,2.504763625738189
649,128,0.0,1.6227769025667447,0.004964878709297481,1.6413442056010088,0.2618557186577264,1.9354061817559671,0.21193101837879091,1.9272521011472687,0.005046898924459623,1.6406199537862942,0.009189735247394231,1.643473467488927,0.02284455487108606,1.6395484744094488,0.027095693302905465,1.663431963582677,0.04297030065941999,1.6860452486774113
650,128,0.0,1.3353049210676058,0.0039986005918247495,1.3301670344795768,0.23625120027797428,1.5734212079386072,0.1959093949926181,1.544069305179626,0.004022686500248947,1.3411642960676058,0.005674410054064173,1.3385473536694144,0.015086722186231237,1.32779255063515,0.024680901700117455,1.3567478450264518,0.0312250655467116,1.3407482237327757
651,128,0.0,1.0723712350439838,0.0016621398174856592,1.0648464893731546,0.14735196331354578,1.2783814678041954,0.2626827570397084,1.4056541863388903,0.0018033540155005267,1.0751083253875493,0.00639231514742994,1.0842472587044782,0.013137348993556706,1.065846600870448,0.020534395232914,1.0695817601962352,0.02980719964335284,1.1109245480514887
652,128,0.0,2.3344176284910185,0.0033541274821664406,2.3302456112358514,0.2161926359642209,2.5862234521099903,0.23457169720507043,2.6342141459307333,0.0023334636462955024,2.3273103969303643,0.00722626719887801,2.340804933562992,0.0171555046021469,2.3375772791584644,0.026155013737716074,2.331399271807333,0.036869724904458355,2.3290028008889028
653,128,0.0,2.479292741910679,0.006471105447904331,2.4783378060408463,0.37796501099594,2.698664627675935,0.2516861262283926,2.662471741203248,0.004910020377692275,2.4895024337167815,0.01399658702489898,2.50179260734498,0.02600890257227139,2.506484865203617,0.040616448469988006,2.505009688730315,0.08685651163416584,2.5244171863465796
654,128,0.0,2.0081958920936884,0.003854539920025923,2.014033280019685,0.4056757528950849,2.6170687938299704,0.40709205687515376,2.5368142916461616,0.005561720667861578,2.0193188284325787,0.011800914298831008,2.038986326202633,0.021935665701317976,2.0159438726470227,0.0404948587492695,2.046191117894931,0.059040850541723054,2.0989632193497787
655,128,0.0,2.3690483513779528,0.0030919702972952777,2.358442411648007,0.22928400114765318,2.5444436861774116,0.18313217163085938,2.5403971033772144,0.0040060051782863345,2.3523948849655514,0.008199665490097888,2.357930821696604,0.020950467567744217,2.340760238527313,0.03164613528514472,2.3651925635150097,0.043266683112917925,2.3559844249815454
656,128,0.0,1.3799839770700049,0.0020441049196588713,1.3833725095733882,0.22734907856137734,1.5522985984021285,0.15505398727777436,1.5249239703801674,0.002647297823522973,1.375176016739973,0.008551130144614873,1.381398719126784,0.017370032513235496,1.3940840593473178,0.04140731481116588,1.406560942882628,0.05433018376508097,1.3609613133227731
657,128,0.0,2.237840787632259,0.002796166994440274,2.2307152935839074,0.2080808173953079,2.5419251449464815,0.1754215270515502,2.5345185047059546,0.003863925539602445,2.2391165185162403,0.0065648837352362205,2.2403900867372046,0.026968359008548767,2.3142344557394194,0.04134009579035241,2.3135390394315944,0.04623991297924612,2.2875962144746556
658,128,0.0,2.014500775675135,0.0024795060552011325,2.0253406434547245,0.25104600801242616,2.220640167476624,0.2578622712863712,2.2838427926611713,0.0026955238477451597,2.0196052611343505,0.007287436582910733,2.02317725955032,0.023724929554255928,2.046387679933563,0.03859670143427811,2.0302023099163384,0.06371616003081554,2.066907987819882
659,128,0.0,1.8722776878537155,0.0030717525895186297,1.8788571094903421,0.2665701438122847,2.185572826956201,0.17741403054064653,2.115483081246924,0.003428149880386713,1.8637774610143947,0.006859421730041504,1.8595001941590796,0.0173805041575995,1.861259400375246,0.028524331220491663,1.8875769667738065,0.038920669105109267,1.9124378594826525
660,128,0.0,2.37157554326095,0.002726282425752775,2.3735779289185532,0.21345763319120634,2.5997946431317667,0.13410527687373125,2.512252687469242,0.003088937500330407,2.3886254978930856,0.00804837857644389,2.400208480714813,0.022165519984688346,2.414250411386565,0.028731122730285164,2.4250887172428643,0.04469355635755644,2.427330197311762
661,128,0.0,2.7169299989234745,0.0037529121233722358,2.686746912678396,0.19076246727169968,2.935414231668307,0.13575725104865127,2.8738847867710384,0.0029496029606015666,2.7034385861374264,0.008304346264816645,2.7228580985482282,0.01717816375371978,2.719542495847687,0.029504877375805472,2.7252596156803643,0.04253389703945851,2.716731033925935
662,128,0.0,1.3417125311423475,0.0039007361010303648,1.3391872616264764,0.16992534427192268,1.5218883123923475,0.21809540395661603,1.619298979992003,0.003099806196107639,1.3338752806656005,0.007285566311182938,1.3428634283110852,0.01548175924406277,1.3674503837044782,0.028299677090382013,1.3549405796321359,0.06525080222783126,1.4184912734144315
663,128,0.0,2.274165356253076,0.0029061267695089025,2.267691304364542,0.21641825878714013,2.4808219849593995,0.15823607557401884,2.444155475286048,0.0030441791053832045,2.268136092058317,0.006448634027496097,2.2615274744709644,0.02199187992125984,2.277847410187008,0.03487330158864419,2.3161438468873032,0.04895010520154097,2.2947032057394194
664,128,0.0,2.4492480660986713,0.0024684470469557396,2.4476895069512796,0.35684696708138536,2.8957533949003444,0.22778694272979977,2.755284106637549,0.004066823035713256,2.4486430010457676,0.008969177411297175,2.4357323834276574,0.024693612977275698,2.460451862004798,0.041852785846379796,2.485350601316437,0.0555036574836791,2.525837575356791
665,128,0.0,2.3588530773252954,0.0024436801437317857,2.370553324541708,0.27227200485589936,2.6914230707123523,0.24117534367118296,2.6777805118110236,0.0037426547271998847,2.364271269069882,0.0075818145368981545,2.3665091447004185,0.021196440448911173,2.3973355030450296,0.04552802889365849,2.397437869094488,0.04548758409154697,2.4089521272914616
666,128,0.0,2.491793655035064,0.002902251294278723,2.4984323096087597,0.24398076815867986,2.6520217535063977,0.1351616626649391,2.552619994156004,0.002372493894081416,2.494941771499754,0.007552218249463659,2.4964157464936023,0.026994087564663625,2.5147702675166093,0.046336707167738064,2.527147187961368,0.07001901611568422,2.5542367049089565
667,128,0.0,2.095858596441314,0.0028801536935520924,2.0920977254552167,0.16781432985320804,2.284559114711491,0.13755368810939037,2.274947999969242,0.0030123028229540726,2.0870870755413384,0.008553966762512688,2.07969581423782,0.01947865711422417,2.0725280281126968,0.02775942246744952,2.066882997047244,0.03793301544790193,2.11212158203125
668,128,0.0,2.0340645857683315,0.004233986373961441,2.0535345603161907,0.2394524521715059,2.2647863673412894,0.21236560851570188,2.2592749407910926,0.005576558469787357,2.054441677303765,0.009707163638017309,2.055263489250123,0.017941782793660804,2.023006649467889,0.027857252931970312,2.078210064745325,0.0456907692856676,2.090428149606299
669,128,0.0,2.2645619309793306,0.0041218592425969645,2.2670014148622046,0.31991036482683316,2.490573913093627,0.2344731007973979,2.521964966781496,0.005061472964099073,2.2655711737204722,0.009300919968312182,2.2663963498093014,0.023542653857253668,2.29757858636811,0.04030812255979523,2.2856257881705218,0.05086347625011534,2.305313230499508
670,128,0.0,2.2643600824311023,0.0042060735657459165,2.2734324537862944,0.21354905075914277,2.6122316375492125,0.15783647852619803,2.5558267428180366,0.004931068795872485,2.2617535929041583,0.010067048035268708,2.285223052257628,0.022503834071121817,2.296523206815945,0.029537058252049244,2.3018481637549213,0.044520145326148806,2.3172146053764764
671,128,0.0,2.4168420025682824,0.004653024861193079,2.4113055852454477,0.28824071809062807,2.703538068636196,0.22033180777482161,2.63491653081939,0.005893259536562942,2.4147084153543306,0.010778124876848356,2.397439310869833,0.024665520885797935,2.40073424812377,0.03762016146201787,2.438191331277682,0.050564030024010366,2.469259186992495
672,128,0.0,2.4870619886503444,0.0025319358495276743,2.5001569132166583,0.19977722768708478,2.7778003121924213,0.13328274403970072,2.702794833446112,0.0022728417332716815,2.49212646484375,0.00495271044453298,2.5049378402589815,0.019573252970778096,2.4756376011165107,0.02844984888091801,2.5248960960568407,0.0695646090770331,2.5887970210999014
673,128,0.0,2.355829193836122,0.003964726380475863,2.3578387883704477,0.25443138663224346,2.5462028923935778,0.19559989388533464,2.5394919087567667,0.005256653770687073,2.3678221214474657,0.01096562513216274,2.3733703132689468,0.02141998508783776,2.3676087386964815,0.03482147652333177,2.3965442086767963,0.04339946536567268,2.3939336341197097
674,128,0.0,2.3237347940760333,0.005069877219012403,2.334862896776575,0.30482681154266117,2.6524804783618356,0.21828316515824925,2.5673707977054625,0.0046968056461003825,2.3460948073019194,0.011727205411655697,2.350257693313238,0.03641819015262634,2.39173324464813,0.04743487816157303,2.4073015348179134,0.055825000672828494,2.415195254828986
675,128,0.0,1.933797400767409,0.002453922286747009,1.93807658998985,0.20045637896680457,2.1137873131459153,0.11944912737748754,2.0168336883304625,0.0034919125357950765,1.9391510730653296,0.00813296085267555,1.9454213540385088,0.01939087402163528,1.94881721556656,0.03192265578142301,1.9474768450879676,0.05195206919993003,1.9859414889117863
676,128,0.0,2.088215505044291,0.0039535286858325865,2.078433059331939,0.260851582204263,2.290321410171629,0.21826649463082862,2.2758000891978347,0.0052838367740000326,2.0821271280604083,0.010857283599733368,2.1056083619125245,0.024362462712085153,2.1244502030019685,0.03181522099051889,2.097631259227362,0.053068130973755845,2.15088539423905
677,128,0.0,2.0104410967488926,0.002924845443935845,2.0051291157880167,0.3272588234248124,2.325588436577264,0.21942258819820373,2.241479828601747,0.0030806965715303196,2.007069865549643,0.007825168098990374,2.0037328765148255,0.024940284218375137,2.022000530573327,0.033240348335326186,2.0096696267916463,0.05580426764300489,2.0246269646592028
678,128,0.0,2.307866134042815,0.003163757286672517,2.316096268300935,0.21517824187992127,2.538023220272515,0.2056381796288678,2.5660888191283218,0.0030050221390611545,2.31411574956939,0.007580433304854265,2.315211498831201,0.02331349417919249,2.312297190268209,0.03400558561790647,2.355087160125492,0.048373229860320804,2.308942659633366
679,128,0.0,0.8976230771522823,0.005417905454560528,0.8933167945681595,0.2788677666130967,1.250151626707062,0.24721983661801797,1.2753822146438238,0.006572247490169495,0.8946822158933625,0.011919059152678243,0.9038030068705402,0.021286211614533673,0.8907855176550197,0.03962672976996955,0.9265940508504552,0.06679288608821358,0.9563247800812008
680,128,0.0,1.625597856176181,0.003465060643323763,1.6209153303011197,0.2581223014771469,2.0853886641855315,0.21949197363665723,2.0221733033187745,0.006035079636911708,1.629615843765379,0.009023376337186558,1.6017432025098426,0.02108468408659687,1.6271504079263042,0.029759692394827293,1.6063365786094366,0.041975505708709476,1.6638471948818898
681,128,0.0,2.3893819493571606,0.004117738543532964,2.381627841258612,0.2712281294695036,2.6636585626076528,0.20113607091227853,2.6483949676273375,0.0039568027173440285,2.380018339382382,0.010669784283074807,2.3679929718257875,0.025441997633205624,2.3926675150713583,0.04013419714499646,2.4160454216904528,0.05347268787894662,2.429844653512549
682,128,0.0,2.188834843673105,0.003208270692449855,2.196383258489173,0.20747886117049089,2.5226147268700787,0.168079541424128,2.4086101862389273,0.003198799655193419,2.198717012180118,0.009440331947146437,2.2225966566190944,0.02036108933095857,2.226896270992249,0.030089352074570544,2.218906192328986,0.044079667939914496,2.2154538612666093
683,128,0.0,2.1385368287093995,0.0033252778954393283,2.131088376983883,0.29215928325502893,2.492819478192667,0.1760533550592858,2.393442469319021,0.003740400779904343,2.123151644008366,0.007745457446481299,2.1306479146161417,0.01964101828928069,2.143691896453617,0.030622061781995877,2.1687665323572833,0.04174366147499385,2.173899733175443
684,128,0.0,1.5447354053887796,0.0026737744883289487,1.5531294214443898,0.17789412671186794,1.7343895379013903,0.1401568134938638,1.7171251191867618,0.0024980646888102132,1.5422109769085262,0.006555161607547069,1.5581500436377338,0.016063307213970996,1.560075654758243,0.025003579657847486,1.573007057970903,0.03346898987537294,1.576240599624754
685,128,0.0,2.220778577909695,0.005119566842326968,2.2172945277897393,0.25845790472556285,2.4143510953647884,0.2026294798362912,2.39523147222564,0.005050339567379688,2.2029664047121065,0.010843024479122613,2.206987275851993,0.020423937970259057,2.2144816240926426,0.03148720959040124,2.2140575018454722,0.04928036937563438,2.239097775436762
686,128,0.0,1.722736268531619,0.003983792357557402,1.7179471714290109,0.22424025047482468,2.024857648714321,0.16378117358590674,1.9190157191959891,0.004110446126442256,1.7197622464397762,0.008687111336415209,1.7192022368663877,0.016609550461055726,1.7442353015809546,0.029282795162651483,1.7579350509042815,0.04276583138413317,1.7872698926550197
687,128,0.0,2.0533245417076773,0.004703892497565802,2.0423084168922245,0.21921256958968996,2.308634840597318,0.1393281531146192,2.175418883796752,0.006005647614246278,2.045782134288878,0.00996275586406077,2.0493591789185532,0.025087777085191623,2.0472109336552657,0.03304929808368833,2.1096203421044537,0.0474738699244702,2.0843618798443653
688,128,0.0,2.160162017101378,0.002629744020972665,2.1600149560162403,0.22290375476747049,2.3336912140132875,0.15895860026201863,2.289869413601132,0.0041627292557964175,2.1767534871739667,0.008897036079346663,2.1876271165262056,0.022446979687908503,2.1991581954355315,0.03346730404951441,2.233392910694513,0.05352269946120855,2.254835954801304
689,128,0.0,2.461848221425935,0.008087006140881635,2.460745743879183,0.5384705310731422,2.9769474540169782,0.5019946661521131,2.9464486189714565,0.005880130557563361,2.463993102546752,0.014938148926562212,2.4537776436392718,0.035915780255175014,2.487135038601132,0.044536928492268237,2.544347567821112,0.06894390977273776,2.5586096095287894
690,128,0.0,2.575584591843012,0.002993904699490765,2.580229751707062,0.25156051155150405,2.7360474593996065,0.19604154271403634,2.7153514952171505,0.004466480157506747,2.572811336967889,0.008884871099877545,2.591004379152313,0.0223293492174524,2.600845457062008,0.031580189081627554,2.590470441683071,0.045967312309685655,2.6263956385334644
691,128,0.0,1.8346411036694144,0.003199101433040589,1.8251033993217889,0.2163819140336645,1.9807041198249877,0.27508544921875,2.169178639809916,0.0032863471451706774,1.8272356649083414,0.006884523733394352,1.8131808784064345,0.016433680151391218,1.8219602089228593,0.036532462112546904,1.8210595799243356,0.052215328366737666,1.8344548743540847
692,128,0.0,2.086595430148868,0.002588303539696641,2.082999882735605,0.23429272869440515,2.382900448296014,0.2280937555268055,2.3898692694235972,0.0041323599852914885,2.089417465089813,0.010049393796545314,2.1001591719980315,0.03851794821070874,2.1326594315175935,0.034478011093740386,2.1286003533310778,0.05131029894971472,2.172586756428396
693,128,0.0,1.9974324384073572,0.003946190274606539,2.002269234244279,0.373220188411202,2.224339282418799,0.39785940816083293,2.224595918430118,0.004195686400406004,2.0025174598994218,0.010423564535426342,2.012068260373093,0.03211941306046614,2.03184425173782,0.051568744689460815,2.0550292007566435,0.06496943826750508,2.021163820281742
694,128,0.0,2.1618503360297736,0.003987326866059791,2.161918580062746,0.21394687562476933,2.243310162401575,0.2700516107514149,2.40409118171752,0.0032986102141733245,2.165798397514764,0.008772534648264487,2.1631777305302657,0.017278738847867712,2.1537441944512796,0.025751984964205523,2.1660713736466537,0.03709508490374708,2.153762937530758
695,128,0.0,2.342549962321604,0.0025165827255549393,2.336229219211368,0.17590054189126322,2.5069392647330218,0.20266983452744372,2.5282722533218505,0.0039763732219305565,2.348440816083292,0.006821360175065168,2.3316467765748032,0.01886292705385704,2.385855366864542,0.05638781494981661,2.4062456746739667,0.03841856708676796,2.3935741514671505
696,128,0.0,1.3251835380013532,0.0032286963124913493,1.3293949637826032,0.18687080022856944,1.6063696192944144,0.19458314189760703,1.5950550469826525,0.004513814693360816,1.3242992491234007,0.008236284331073911,1.3360684612604576,0.020581814247792162,1.3250445268285556,0.0260288884320597,1.3337349478654035,0.050385918204239974,1.3789410929041586
697,128,0.0,1.8978382020484743,0.0036822123321022574,1.8955318420890748,0.18023137971172182,2.083989901805487,0.13482517332542598,2.062208280788632,0.003082091883411558,1.8923983836737204,0.009419995968736062,1.8948952982744833,0.018322231262687623,1.8975890152097687,0.045366046935554565,1.9359164500799704,0.045240860285721426,1.8899567371278296
698,128,0.0,2.3100941575418306,0.0024030635676046057,2.2997289942944144,0.2242554491899145,2.6561618114080954,0.14063264441302442,2.5289494071419782,0.004117447560227762,2.314116470457062,0.009011283634215828,2.3099845826156495,0.01877087495458408,2.333235613004429,0.030327962139460044,2.363653228038878,0.04501395338163601,2.354940099040354
699,128,0.0,2.8270071435162403,0.002640313520206241,2.832761749507874,0.26273640309731794,3.0499584768700787,0.26728292149821603,3.0725931482990894,0.0041133184132613534,2.821107879398376,0.008323926625289316,2.84491927980438,0.026192116925096886,2.8291371262918306,0.04481788695327879,2.8968421755813236,0.06286523098082054,2.9025206077755907
700,128,0.0,2.1062223179133857,0.0029586215657512035,2.1102273295244833,0.29857178935854456,2.411915456216166,0.20230312797966904,2.299100139948327,0.004514380702822227,2.1175522691621556,0.011274395026559905,2.106643796905758,0.026537786318561223,2.133482925535187,0.03797682814710722,2.1334060308501477,0.04412351818535271,2.1129260926734745
701,128,0.0,2.2884680079662894,0.004156041802383784,2.288393756536048,0.26831445168322465,2.5342825341412403,0.19878255288431965,2.461569478192667,0.0033204039250771832,2.291761503444882,0.008377906844371886,2.2870795783095472,0.018166602127195345,2.3072437676857778,0.03805367026742049,2.3384831946665847,0.052249138749490574,2.350547970749262
702,128,0.0,1.744193009504183,0.002847938087042861,1.7554905208077018,0.307031406192329,2.057357667937992,0.24942013597863866,1.988110639917569,0.0029205114353360153,1.7459057184654896,0.008829009814525213,1.7456770769254428,0.027161524990412193,1.77215576171875,0.039218309357410344,1.7980047511303519,0.055867822151484454,1.7742549866203248
703,128,0.0,2.418127825879675,0.004138403520809384,2.4327084999384843,0.37926855612927535,2.7758231576033463,0.24029676182063545,2.634751207246555,0.0036920229281027484,2.4139596533587597,0.009250203455526998,2.416852815883366,0.02277038228793407,2.4413276732437255,0.03428988944827102,2.483811265840305,0.04177248947263703,2.4570910836767963
704,128,0.0,1.5076058455339567,0.003039446872050368,1.5008427176888532,0.27464979276882384,1.7176508865957185,0.21244475597471701,1.7005507101224164,0.00413823409343329,1.516861442505844,0.009611501468448188,1.516152449480192,0.017774822205070435,1.5263936200479822,0.023812742683831163,1.529384583000123,0.04415564274224709,1.516619584691806
705,128,0.0,2.4120019627368356,0.003279932371274693,2.395434281957431,0.20966313579889734,2.6247592235174704,0.15599666805717888,2.5755562369279037,0.0033740936301824617,2.412115142101378,0.007368440703144224,2.40986068605438,0.021449787410225456,2.436762051319513,0.034238098174568236,2.4734302430640995,0.042577615873081474,2.4286465382012796
706,128,0.0,2.3368857075848917,0.004236778875035564,2.3375590166707676,0.3724613940621924,2.6894103523314468,0.2604584280900129,2.592414916031004,0.004443830392492099,2.3330282376507134,0.009992126404769777,2.317281407634104,0.02327365199411948,2.31613327386811,0.03100359533715436,2.3754618487020176,0.04753722919253853,2.397157684085876
707,128,0.0,2.661060243140994,0.0034904130331174597,2.666501022699311,0.24855262275755874,2.8666646161417324,0.1616828798309086,2.83470069705032,0.004086594881973867,2.661754698265256,0.008909561502651906,2.6601415919506644,0.02428449045016071,2.6893522007258857,0.03577365649966743,2.7073205662524606,0.05077661679485652,2.6813426580954722
708,128,0.0,2.0265353946235236,0.002442478194950134,2.0208610474593995,0.2481557590754952,2.31757552980438,0.14280166025236835,2.192939578078863,0.0028042666555389644,2.017209991695374,0.007674189533774308,2.0310414231668306,0.023062270457350362,2.078698345995325,0.03362121356753853,2.0554357814037894,0.04769318498025729,2.1195061150498278
709,128,0.0,1.3245909683347687,0.008680508831354577,1.3219483142762671,0.40190977562130903,1.7547097994586613,0.399882579412986,1.7560940239373155,0.009443131957467146,1.303922638179749,0.015676733077041746,1.3123404435285433,0.026177920694426288,1.3635462963674951,0.048680538267601194,1.3670576200710507,0.07858919909619909,1.3319885974793921
710,128,0.0,2.549881101593258,0.00244936652070894,2.5531890148252954,0.24316569951575573,2.8590140755720963,0.18900314090758796,2.7828724778543306,0.004091686151159091,2.547053539846826,0.008750588875117265,2.55008727546752,0.02164622554628868,2.584748275636688,0.030263934548445573,2.5865653931625245,0.05734890464722641,2.602065919891117
711,128,0.0,2.511899933101624,0.005024114931662251,2.5036589855284204,0.2656254205178088,2.7606035367710384,0.18994356891301672,2.646171509750246,0.006240280594412736,2.5177725243756153,0.01373227468625767,2.530174435593012,0.024551464816716714,2.520753635196235,0.03227942759596457,2.5505443182517222,0.059621807158462645,2.591068297859252
712,128,0.0,1.9291169174074188,0.005400017021209237,1.9038578544076032,0.32236859178918553,2.314070573941929,0.20156526941014088,2.2721418245570866,0.014896485749192126,1.9222159798689715,0.030983433010071282,1.9003437673013042,0.04260579056627169,1.9043271522822343,0.07172913438691868,1.921322800043061,0.08707771902009258,1.940579992579663
713,128,0.0,1.8012793833815206,0.0030827724088834025,1.8088393324003444,0.2028563491941437,1.9874068132535678,0.16318708705151175,2.005228478138841,0.0031991166861977164,1.8033426840474287,0.010656428149366003,1.8080618550458292,0.02099378090205155,1.8331111397330218,0.028046790070421115,1.8431956373800442,0.04039584557841143,1.8696385180856299
714,128,0.0,2.2821919598917324,0.0031877493295143907,2.2890718715397393,0.25344881673497477,2.50296188714936,0.24784034068190205,2.4733937180887056,0.006160493910781981,2.281104861281988,0.010353273294103427,2.2974142239788384,0.02945890952283003,2.293083130843996,0.0291536717902957,2.2911785456139273,0.0468148171432375,2.290987029789001
715,128,0.0,1.7395143283633736,0.006750062694699746,1.7581556425319882,0.31463280625230683,2.037564255121186,0.25237367284579537,2.001436849278728,0.005853813464247335,1.7490139458123155,0.009502019469193585,1.7560474065345104,0.025032411410113958,1.7526004821296752,0.029988159344890925,1.7225067859559546,0.050713471540315885,1.751677505613312
716,128,0.0,2.1692336675688977,0.0023686529144527407,2.168423870417077,0.2810077216681533,2.4632465032141977,0.16996425718773067,2.4167581393024116,0.008215053813663994,2.1877239557701773,0.011614328294288455,2.1917806309977856,0.03220870175699549,2.205446258304626,0.03719973000954455,2.2138227327602116,0.06619557057778666,2.242105799397146
717,128,0.0,2.321228988527313,0.0028898072993661476,2.320432888241265,0.24525607852485237,2.5132818747693157,0.17350775050366019,2.4988720510888287,0.003552395293093103,2.324746439776083,0.008163253153402975,2.3095145638533463,0.022394067659152774,2.293551227239173,0.04021877003466989,2.3052411417322833,0.05434024991012934,2.33135025144562
718,128,0.0,2.285459503414124,0.0034525281800998476,2.283055102731299,0.29573455570250984,2.480483167753445,0.2607644749438669,2.468654602531373,0.005308942531976175,2.281331700602854,0.009859835069010578,2.2844351220318653,0.02213787093875915,2.3246887687623032,0.036131280613696484,2.364822507843258,0.05222193650373324,2.355863556148499
719,128,0.0,1.9151313361220472,0.004232400984275998,1.9245220995324803,0.3397604874738558,2.2625299889271653,0.23136772696427474,2.1354759396530514,0.0049070392067976825,1.9186724565160556,0.008223417237049013,1.9176232045091044,0.02420915393378791,1.9153071125661294,0.030623961621382104,1.934958991103285,0.04608661921944205,1.966054480845534
720,128,0.0,1.5644820806548352,0.008812061444980892,1.5876428799366389,0.4011198929914339,2.0784268116387796,0.31424809253121927,2.026406596026083,0.007323497862327756,1.5892940731499139,0.016849221207025485,1.5955037995586245,0.039763871140367404,1.6415232260396162,0.05518522412758174,1.6629568986066683,0.07016614478404128,1.6346362256628322
721,128,0.0,2.707594984159695,0.004241409733539491,2.725410521499754,0.23061210151732436,2.954341858390748,0.15319463774913877,2.8613788274329477,0.003709443206862202,2.696652389886811,0.008961140640138641,2.70850570558563,0.020772808180080624,2.7368368314007134,0.03173466179314561,2.7414860762949065,0.047089614267424335,2.737562284694882
722,128,0.0,2.6737154262272393,0.0061067103400943784,2.6857343057947833,0.285036192165585,2.975326658233883,0.21084195234644132,2.926664337398499,0.007932574730219804,2.694544994924951,0.014565066089780311,2.672721802718996,0.028430129599383496,2.6359983429195375,0.04219500474103793,2.6457036536509597,0.051622420784056655,2.69668747308686
723,128,0.0,2.690032958984375,0.004965758229803851,2.6908345860759106,0.29025947390578866,2.907510111651083,0.3764524384746401,3.01361083984375,0.004586228704827977,2.6937044398991143,0.01014155477989377,2.712562380813238,0.030198641649381384,2.7012422816959893,0.048508707932599884,2.7097982571819634,0.06609526206189253,2.6791055033526083
724,128,0.0,2.119395338644193,0.003955397080248735,2.116658849040354,0.21987733315295122,2.267208309624139,0.17475406015951803,2.2020268477792815,0.004054428085567444,2.1051972156434546,0.010208990630202405,2.11714256466843,0.027167765174325058,2.14005309578002,0.03562624623456339,2.1229348971149116,0.07045390662245864,2.1100646492064468
725,128,0.0,1.7876934141624632,0.00412101069773276,1.7962374950018454,0.2878616813599594,2.1030859759473426,0.2076818511242003,2.0400510772945375,0.005393682033058227,1.799521378644808,0.010561912078557051,1.8213278702863558,0.027386303023090513,1.846413679948942,0.0374108825142928,1.8587551567498155,0.047919746458999754,1.836104866087906
726,128,0.0,1.960091658464567,0.004339072647995836,1.9489258293091782,0.1989947041188638,2.1786359651820866,0.16489404392993356,2.169410525344488,0.0028988826931930904,1.9543461837167815,0.006532012946962372,1.9575428399514025,0.01872267685537263,1.970049760473056,0.03180307102954294,1.979807696004552,0.0436738982914001,1.9941716231699065
727,128,0.0,2.1305450679749014,0.005432637657706193,2.1208015501968505,0.3611306918887641,2.3764348067636565,0.27625911442313605,2.34144027589813,0.006130696751001313,2.119878813976378,0.011426608393511435,2.134628175750492,0.023474392928476407,2.1309396338275097,0.04306260056383028,2.1395583265409694,0.05037800345833846,2.1530273918091782
