strategy,sample_idx,kl_free,kl_locked,drift_contribution,drift_fraction,numerical_fraction
rank8_int4,0,0.681464433670044,0.2699156701564789,0.41154876351356506,0.6039181843976197,0.3960818156023803
rank1_int4,0,39.86251449584961,38.98545455932617,0.8770599365234375,0.02200212273650612,0.9779978772634939
uniform_int4,0,51.57175064086914,43.42304992675781,8.148700714111328,0.15800706031595746,0.8419929396840425
rank8_int4,1,0.4182687997817993,0.24543806910514832,0.172830730676651,0.41320493129492947,0.5867950687050705
rank1_int4,1,29.308210372924805,23.539915084838867,5.7682952880859375,0.1968149953439239,0.8031850046560761
uniform_int4,1,41.55434036254883,33.60515594482422,7.949184417724609,0.19129612811490743,0.8087038718850925
rank8_int4,2,0.3439634442329407,0.21739470958709717,0.1265687346458435,0.36797147129428087,0.6320285287057191
rank1_int4,2,14.080370903015137,11.368155479431152,2.7122154235839844,0.1926238621315861,0.8073761378684139
uniform_int4,2,18.71578025817871,16.98745346069336,1.7283267974853516,0.09234596547104044,0.9076540345289595
rank8_int4,3,0.21411950886249542,0.15526123344898224,0.058858275413513184,0.2748851598165731,0.7251148401834269
rank1_int4,3,9.700294494628906,6.718238830566406,2.9820556640625,0.3074190856487581,0.6925809143512419
uniform_int4,3,12.498567581176758,11.127223014831543,1.3713445663452148,0.10972013852295391,0.8902798614770461
rank8_int4,4,0.16315993666648865,0.08972591161727905,0.0734340250492096,0.4500738756678629,0.5499261243321372
rank1_int4,4,19.246904373168945,15.594454765319824,3.652449607849121,0.1897681589222629,0.8102318410777372
uniform_int4,4,24.89985466003418,22.421958923339844,2.477895736694336,0.0995144658684098,0.9004855341315902
rank8_int4,5,0.09344436973333359,0.053517699241638184,0.039926670491695404,0.42727743368205,0.57272256631795
rank1_int4,5,13.50153636932373,10.669271469116211,2.8322649002075195,0.20977352671082594,0.7902264732891741
uniform_int4,5,18.75674057006836,15.619059562683105,3.137681007385254,0.16728284936628618,0.8327171506337139
rank8_int4,6,0.11657679826021194,0.07102809101343155,0.045548707246780396,0.3907184613623612,0.6092815386376388
rank1_int4,6,15.085868835449219,11.320920944213867,3.7649478912353516,0.2495678526906164,0.7504321473093836
uniform_int4,6,16.88348388671875,15.28839111328125,1.5950927734375,0.0944765182435046,0.9055234817564954
rank8_int4,7,0.11228403449058533,0.05303845554590225,0.059245578944683075,0.5276402759615004,0.4723597240384996
rank1_int4,7,13.34305477142334,11.756381034851074,1.5866737365722656,0.11891382923574785,0.8810861707642521
uniform_int4,7,16.77126693725586,15.569475173950195,1.201791763305664,0.071657780405128,0.928342219594872
rank8_int4,8,0.7883296012878418,0.30278509855270386,0.48554450273513794,0.6159156042624,0.3840843957376
rank1_int4,8,35.76954650878906,24.39253044128418,11.377016067504883,0.3180643082715459,0.681935691728454
uniform_int4,8,41.42972946166992,31.62470054626465,9.805028915405273,0.23666649632546402,0.763333503674536
rank8_int4,9,0.4057217240333557,0.2763785719871521,0.1293431520462036,0.3187976989754926,0.6812023010245074
rank1_int4,9,16.048959732055664,12.940574645996094,3.1083850860595703,0.1936814060197923,0.8063185939802077
uniform_int4,9,23.543508529663086,20.53424644470215,3.0092620849609375,0.12781706181003094,0.8721829381899691
rank8_int4,10,0.8459891676902771,0.2800981104373932,0.5658910572528839,0.6689105237575108,0.3310894762424892
rank1_int4,10,22.17899513244629,17.460391998291016,4.718603134155273,0.21275098831020947,0.7872490116897906
uniform_int4,10,33.207096099853516,25.473766326904297,7.733329772949219,0.2328818439798273,0.7671181560201727
rank8_int4,11,0.46631985902786255,0.303234726190567,0.16308513283729553,0.34972804541775093,0.6502719545822491
rank1_int4,11,18.501583099365234,13.346620559692383,5.154962539672852,0.27862278119593514,0.7213772188040648
uniform_int4,11,26.167278289794922,22.506954193115234,3.6603240966796875,0.1398817277113299,0.8601182722886701
rank8_int4,12,0.24639026820659637,0.10046662390232086,0.1459236443042755,0.592245973700226,0.407754026299774
rank1_int4,12,10.81137466430664,10.204901695251465,0.6064729690551758,0.05609582387866218,0.9439041761213378
uniform_int4,12,17.974018096923828,14.765186309814453,3.208831787109375,0.1785261241980474,0.8214738758019526
rank8_int4,13,0.20008334517478943,0.1094016507267952,0.09068169444799423,0.4532196039044441,0.546780396095556
rank1_int4,13,15.431358337402344,12.004447937011719,3.426910400390625,0.22207444901882165,0.7779255509811783
uniform_int4,13,18.432600021362305,15.05671215057373,3.375887870788574,0.18314767677246388,0.8168523232275361
rank8_int4,14,0.08045285940170288,0.07156185805797577,0.008891001343727112,0.1105119371747143,0.8894880628252857
rank1_int4,14,6.137317180633545,4.082287788391113,2.0550293922424316,0.33484164688882745,0.6651583531111726
uniform_int4,14,9.065278053283691,8.717058181762695,0.3482198715209961,0.03841248657506554,0.9615875134249344
rank8_int4,15,0.15295985341072083,0.08700975775718689,0.06595009565353394,0.43115951135522956,0.5688404886447704
rank1_int4,15,21.945301055908203,18.661991119384766,3.2833099365234375,0.1496133467551356,0.8503866532448644
uniform_int4,15,25.94852066040039,23.784645080566406,2.1638755798339844,0.08339109609189549,0.9166089039081045
rank8_int4,16,0.1691233217716217,0.0896400511264801,0.0794832706451416,0.46997226528268565,0.5300277347173143
rank1_int4,16,28.508323669433594,23.58295440673828,4.9253692626953125,0.1727695153109355,0.8272304846890645
uniform_int4,16,45.016117095947266,32.42245101928711,12.593666076660156,0.27975904829414855,0.7202409517058515
rank8_int4,17,0.7146217823028564,0.4403579831123352,0.27426379919052124,0.3837887480937271,0.6162112519062729
rank1_int4,17,43.94540023803711,36.803863525390625,7.141536712646484,0.1625093109623132,0.8374906890376868
uniform_int4,17,62.772396087646484,49.66948699951172,13.102909088134766,0.20873680000743827,0.7912631999925617
rank8_int4,18,0.5894219875335693,0.2899901866912842,0.29943180084228516,0.508009214408941,0.491990785591059
rank1_int4,18,36.361534118652344,27.97374725341797,8.387786865234375,0.23067747465945612,0.7693225253405439
uniform_int4,18,31.444107055664062,36.959171295166016,-5.515064239501953,-0.17539261743826554,1.1753926174382656
rank8_int4,19,0.16000919044017792,0.045493483543395996,0.11451570689678192,0.7156820591476932,0.28431794085230677
rank1_int4,19,4.949565410614014,3.4836883544921875,1.4658770561218262,0.29616278087331677,0.7038372191266833
uniform_int4,19,8.47586727142334,6.881296157836914,1.5945711135864258,0.18813073193849716,0.8118692680615028
rank8_int4,20,0.3354033827781677,0.10344250500202179,0.23196087777614594,0.6915877706861484,0.3084122293138516
rank1_int4,20,20.35210418701172,15.12467098236084,5.227433204650879,0.2568497663247477,0.7431502336752522
uniform_int4,20,29.718467712402344,21.20472526550293,8.513742446899414,0.2864798592340073,0.7135201407659927
rank8_int4,21,0.5097438097000122,0.2511368989944458,0.2586069107055664,0.5073272216052185,0.4926727783947815
rank1_int4,21,39.19912338256836,19.493064880371094,19.706058502197266,0.5027168161357518,0.4972831838642482
uniform_int4,21,47.623687744140625,30.22141456604004,17.402273178100586,0.3654121300222424,0.6345878699777576
rank8_int4,22,0.24849765002727509,0.13155105710029602,0.11694659292697906,0.4706144823266659,0.5293855176733341
rank1_int4,22,19.968233108520508,13.562826156616211,6.405406951904297,0.3207798565397902,0.6792201434602099
uniform_int4,22,20.722488403320312,17.9232120513916,2.799276351928711,0.13508398689610027,0.8649160131038998
rank8_int4,23,0.13956694304943085,0.058773234486579895,0.08079370856285095,0.5788885734513509,0.4211114265486491
rank1_int4,23,9.38687801361084,6.600170135498047,2.786707878112793,0.2968727061406472,0.7031272938593528
uniform_int4,23,12.154727935791016,11.218047142028809,0.936680793762207,0.07706308184850778,0.9229369181514923
rank8_int4,24,0.28571727871894836,0.15595027804374695,0.12976700067520142,0.45417974459587857,0.5458202554041214
rank1_int4,24,30.378395080566406,24.33432388305664,6.044071197509766,0.1989595296749651,0.8010404703250349
uniform_int4,24,25.159259796142578,24.809494018554688,0.3497657775878906,0.013902069473503222,0.9860979305264967
rank8_int4,25,0.47250550985336304,0.2171478569507599,0.25535765290260315,0.5404331750159922,0.4595668249840078
rank1_int4,25,23.599931716918945,21.508359909057617,2.091571807861328,0.08862618048855907,0.9113738195114409
uniform_int4,25,29.824382781982422,26.083927154541016,3.7404556274414062,0.12541602804605564,0.8745839719539443
rank8_int4,26,0.2882825434207916,0.12765362858772278,0.16062891483306885,0.5571926517888627,0.4428073482111373
rank1_int4,26,13.740443229675293,10.470908164978027,3.2695350646972656,0.23794975242400018,0.7620502475759998
uniform_int4,26,20.077529907226562,15.127131462097168,4.9503984451293945,0.24656411759832983,0.7534358824016701
rank8_int4,27,0.5197066068649292,0.2530713379383087,0.2666352689266205,0.5130496041508252,0.48695039584917477
rank1_int4,27,22.811704635620117,16.55219841003418,6.2595062255859375,0.27439888099426896,0.725601119005731
uniform_int4,27,34.0787353515625,25.44963836669922,8.629096984863281,0.2532105988043256,0.7467894011956744
rank8_int4,28,0.5901416540145874,0.27751076221466064,0.31263089179992676,0.5297556775956692,0.4702443224043308
rank1_int4,28,17.669910430908203,14.529178619384766,3.1407318115234375,0.17774463678263305,0.8222553632173669
uniform_int4,28,26.623008728027344,22.05035400390625,4.572654724121094,0.1717557459727396,0.8282442540272604
rank8_int4,29,0.4245534837245941,0.21466748416423798,0.20988599956035614,0.49436880771542135,0.5056311922845786
rank1_int4,29,13.762923240661621,12.319324493408203,1.443598747253418,0.10489041622991863,0.8951095837700813
uniform_int4,29,21.591135025024414,18.54949951171875,3.041635513305664,0.14087427593687724,0.8591257240631227
rank8_int4,30,0.4181056618690491,0.2143293023109436,0.20377635955810547,0.48738005280093133,0.5126199471990687
rank1_int4,30,27.606643676757812,19.863449096679688,7.743194580078125,0.28048301237709544,0.7195169876229046
uniform_int4,30,27.91943359375,25.34320831298828,2.5762252807617188,0.09227355104146627,0.9077264489585337
rank8_int4,31,0.36861491203308105,0.18199488520622253,0.18662002682685852,0.5062736767689704,0.4937263232310296
rank1_int4,31,18.460599899291992,14.419075965881348,4.0415239334106445,0.21892700971032075,0.7810729902896792
uniform_int4,31,28.248882293701172,25.084308624267578,3.1645736694335938,0.11202473912177469,0.8879752608782253
