model,placement,policy,policy_family,budget_fraction,shadow_count,candidate_count,selection_split,evaluation_split,mean_uncovered_mass,p50_uncovered_mass,p95_uncovered_mass,p99_uncovered_mass,cvar95_uncovered_mass,max_uncovered_mass,fraction_mass_le_0p10,fraction_mass_le_0p20,fraction_fully_covered,request_cvar95_mean,cvar95_reduction_vs_no_shadow
olmoe_e64k8,calibration_coactivation_balanced,frequency,frequency,0.0,0,1024,calibration,historical test,0.5000000001147398,0.5,0.8656550645828246,0.9999999403953552,0.9309252987489113,1.0000001192092896,0.03591728210449219,0.09116172790527344,0.011041641235351562,0.9301351514781211,0.0
olmoe_e64k8,calibration_coactivation_balanced,gate_mass,gate_mass,0.0,0,1024,calibration,historical test,0.5000000001147398,0.5,0.8656550645828246,0.9999999403953552,0.9309252987489113,1.0000001192092896,0.03591728210449219,0.09116172790527344,0.011041641235351562,0.9301351514781211,0.0
olmoe_e64k8,calibration_coactivation_balanced,cvar_greedy,cvar_greedy,0.0,0,1024,calibration,historical test,0.5000000001147398,0.5,0.8656550645828246,0.9999999403953552,0.9309252987489113,1.0000001192092896,0.03591728210449219,0.09116172790527344,0.011041641235351562,0.9301351514781211,0.0
olmoe_e64k8,calibration_coactivation_balanced,oracle_cvar,oracle_cvar,0.0,0,1024,historical oracle,historical test,0.5000000001147398,0.5,0.8656550645828246,0.9999999403953552,0.9309252987489113,1.0000001192092896,0.03591728210449219,0.09116172790527344,0.011041641235351562,0.9301351514781211,0.0
olmoe_e64k8,calibration_coactivation_balanced,frequency,frequency,0.02,20,1024,calibration,historical test,0.46662240391498155,0.4631749913096428,0.8305753052234649,0.9531476724147797,0.9058713266378826,1.0000001192092896,0.0450592041015625,0.115142822265625,0.014020919799804688,0.9050347551291474,0.026912978028096557
olmoe_e64k8,calibration_coactivation_balanced,gate_mass,gate_mass,0.02,20,1024,calibration,historical test,0.46591620995588734,0.4623749554157257,0.8293126881122586,0.9452156329154968,0.9032610869877898,1.0000001192092896,0.04421234130859375,0.11460304260253906,0.013467788696289062,0.9018588480131191,0.029716897583834
olmoe_e64k8,calibration_coactivation_balanced,cvar_greedy,cvar_greedy,0.02,20,1024,calibration,historical test,0.4786787751014754,0.4838098883628845,0.801805382966995,0.9037697368860246,0.860807514440495,1.0000001192092896,0.036884307861328125,0.09456634521484375,0.01126861572265625,0.8603912773143172,0.07532052722452487
olmoe_e64k8,calibration_coactivation_balanced,oracle_cvar,oracle_cvar,0.02,20,1024,historical oracle,historical test,0.47678824975385004,0.48171359300613403,0.800000011920929,0.9049126297235489,0.8606312747138165,1.0000001192092896,0.037181854248046875,0.09541893005371094,0.011318206787109375,0.860081379157924,0.07550984394726867
olmoe_e64k8,calibration_coactivation_balanced,frequency,frequency,0.05,51,1024,calibration,historical test,0.43054578211732775,0.4236486852169037,0.785542523860931,0.9125192623585463,0.8592571342700832,1.0000001192092896,0.05707740783691406,0.14585113525390625,0.018781661987304688,0.8575400357498155,0.07698594567699935
olmoe_e64k8,calibration_coactivation_balanced,gate_mass,gate_mass,0.05,51,1024,calibration,historical test,0.4291664644377873,0.42157885804772377,0.780865904688835,0.9092451930046082,0.8553294795236245,1.0000001192092896,0.05499458312988281,0.14193344116210938,0.017797470092773438,0.8533049841306798,0.08120503259163925
olmoe_e64k8,calibration_coactivation_balanced,cvar_greedy,cvar_greedy,0.05,51,1024,calibration,historical test,0.4500322458816073,0.4565798342227936,0.7526212900876998,0.8563733186945319,0.8154169217704513,1.0000001192092896,0.04053688049316406,0.105743408203125,0.012233734130859375,0.8145851065092734,0.12407910402015487
olmoe_e64k8,calibration_coactivation_balanced,oracle_cvar,oracle_cvar,0.05,51,1024,historical oracle,historical test,0.44335481781535924,0.4486413933336735,0.7473569691181182,0.8558176748454571,0.8131646758522011,1.0000001192092896,0.04277801513671875,0.11107444763183594,0.013034820556640625,0.8117668469116324,0.12649846669219433
olmoe_e64k8,calibration_coactivation_balanced,frequency,frequency,0.1,102,1024,calibration,historical test,0.3838590056317299,0.3719271831214428,0.7303631365299225,0.8661664748191833,0.8113125864721621,1.0000001192092896,0.07657814025878906,0.19188499450683594,0.026365280151367188,0.8090264351476391,0.12848798119193783
olmoe_e64k8,calibration_coactivation_balanced,gate_mass,gate_mass,0.1,102,1024,calibration,historical test,0.38186997180535,0.3704693019390106,0.7267562270164489,0.8605982115864754,0.8067256351266854,1.0000001192092896,0.07740592956542969,0.19332504272460938,0.02597808837890625,0.8041541485680306,0.13341528454446372
olmoe_e64k8,calibration_coactivation_balanced,cvar_greedy,cvar_greedy,0.1,102,1024,calibration,historical test,0.4062695872806774,0.4094074219465256,0.6912423670291898,0.8004034799337388,0.7579775827608121,1.0000001192092896,0.049228668212890625,0.1311168670654297,0.014776229858398438,0.7566492323660474,0.1857804447043463
olmoe_e64k8,calibration_coactivation_balanced,oracle_cvar,oracle_cvar,0.1,102,1024,historical oracle,historical test,0.40528406202154255,0.40899354964494705,0.686383756995201,0.7949145198613405,0.75274553062463,1.0000001192092896,0.048675537109375,0.13034629821777344,0.014493942260742188,0.750815605584125,0.1914007153567967
olmoe_e64k8,calibration_frequency_lpt,frequency,frequency,0.0,0,1024,calibration,historical test,0.5000000001567031,0.5,0.8125631392002104,0.9162349921464921,0.8758925844280178,1.0000001192092896,0.014837265014648438,0.05868721008300781,0.0027713775634765625,0.8754177239700789,0.0
olmoe_e64k8,calibration_frequency_lpt,gate_mass,gate_mass,0.0,0,1024,calibration,historical test,0.5000000001567031,0.5,0.8125631392002104,0.9162349921464921,0.8758925844280178,1.0000001192092896,0.014837265014648438,0.05868721008300781,0.0027713775634765625,0.8754177239700789,0.0
olmoe_e64k8,calibration_frequency_lpt,cvar_greedy,cvar_greedy,0.0,0,1024,calibration,historical test,0.5000000001567031,0.5,0.8125631392002104,0.9162349921464921,0.8758925844280178,1.0000001192092896,0.014837265014648438,0.05868721008300781,0.0027713775634765625,0.8754177239700789,0.0
olmoe_e64k8,calibration_frequency_lpt,oracle_cvar,oracle_cvar,0.0,0,1024,historical oracle,historical test,0.5000000001567031,0.5,0.8125631392002104,0.9162349921464921,0.8758925844280178,1.0000001192092896,0.014837265014648438,0.05868721008300781,0.0027713775634765625,0.8754177239700789,0.0
olmoe_e64k8,calibration_frequency_lpt,frequency,frequency,0.02,20,1024,calibration,historical test,0.4666224039574387,0.46344833821058273,0.7846450090408322,0.9070067936182022,0.8553796520164378,1.0000001192092896,0.022472381591796875,0.08143997192382812,0.004669189453125,0.8545643043250116,0.023419461217353943
olmoe_e64k8,calibration_frequency_lpt,gate_mass,gate_mass,0.02,20,1024,calibration,historical test,0.4659162099971508,0.4636990949511528,0.7828076899051665,0.9067253440618515,0.8543626678542412,1.0000001192092896,0.022365570068359375,0.08205413818359375,0.0045528411865234375,0.85353600169354,0.024580544414400052
olmoe_e64k8,calibration_frequency_lpt,cvar_greedy,cvar_greedy,0.02,20,1024,calibration,historical test,0.4746461654037031,0.4766465425491333,0.7688130140304565,0.8731996804475785,0.8301069482064388,1.0000001192092896,0.017730712890625,0.06761932373046875,0.003192901611328125,0.8292474299655779,0.05227311777217325
olmoe_e64k8,calibration_frequency_lpt,oracle_cvar,oracle_cvar,0.02,20,1024,historical oracle,historical test,0.47348739825649666,0.475289948284626,0.7675164222717284,0.8714747685194015,0.8287858404221282,1.0000001192092896,0.017787933349609375,0.0679168701171875,0.0031871795654296875,0.827900792988693,0.053781416629587686
olmoe_e64k8,calibration_frequency_lpt,frequency,frequency,0.05,51,1024,calibration,historical test,0.4305457821592502,0.4247726649045944,0.7474967837333679,0.8712124812602997,0.8202440846883522,1.0000001192092896,0.033260345458984375,0.11084175109863281,0.0077762603759765625,0.8186526452737934,0.06353347514182417
olmoe_e64k8,calibration_frequency_lpt,gate_mass,gate_mass,0.05,51,1024,calibration,historical test,0.42916646447656204,0.423783078789711,0.7472813010215759,0.8722365784645081,0.8205153601658862,1.0000001192092896,0.0350341796875,0.11337089538574219,0.008722305297851562,0.8188198210416175,0.06322376196196977
olmoe_e64k8,calibration_frequency_lpt,cvar_greedy,cvar_greedy,0.05,51,1024,calibration,historical test,0.44219110508783777,0.4429672658443451,0.7240153431892393,0.8315391650050878,0.7905559595925448,1.0000001192092896,0.022945404052734375,0.08368682861328125,0.0045986175537109375,0.7892482825682325,0.09742818509098372
olmoe_e64k8,calibration_frequency_lpt,oracle_cvar,oracle_cvar,0.05,51,1024,historical oracle,historical test,0.4427464028545183,0.444388285279274,0.721328929066658,0.8264151293039322,0.7865677899991621,1.0000001192092896,0.022958755493164062,0.08354949951171875,0.00460052490234375,0.7850525693575836,0.10198144842976065
olmoe_e64k8,calibration_frequency_lpt,frequency,frequency,0.1,102,1024,calibration,historical test,0.3838590056757063,0.37561747431755066,0.7048725157976148,0.8311537908762694,0.7815419241122016,1.0000001192092896,0.06440544128417969,0.17431068420410156,0.02008819580078125,0.7790596841557644,0.10771944185077187
olmoe_e64k8,calibration_frequency_lpt,gate_mass,gate_mass,0.1,102,1024,calibration,historical test,0.3818699718409033,0.37335070967674255,0.6993828866630792,0.8283439476042986,0.7777513890674179,1.0000001192092896,0.061222076416015625,0.1725635528564453,0.01819610595703125,0.7750756350106779,0.11204706730641956
olmoe_e64k8,calibration_frequency_lpt,cvar_greedy,cvar_greedy,0.1,102,1024,calibration,historical test,0.405019219059231,0.4048503562808037,0.6711026817560196,0.7819991392642259,0.738059430438638,1.0000001192092896,0.0301361083984375,0.10942268371582031,0.0058040618896484375,0.7364731177610981,0.1573630790348438
olmoe_e64k8,calibration_frequency_lpt,oracle_cvar,oracle_cvar,0.1,102,1024,historical oracle,historical test,0.4051338971918228,0.40531720221042633,0.6687973260879514,0.778071272969246,0.7350728150205973,1.0000001192092896,0.030252456665039062,0.10781669616699219,0.006046295166015625,0.7334598921131124,0.16077287547693953
olmoe_e64k8,contiguous,frequency,frequency,0.0,0,1024,calibration,historical test,0.5000000001934488,0.5,0.8055100709199903,0.9138135415315628,0.8680885331948568,1.0000001192092896,0.013269424438476562,0.05377197265625,0.0019283294677734375,0.8674479950968994,0.0
olmoe_e64k8,contiguous,gate_mass,gate_mass,0.0,0,1024,calibration,historical test,0.5000000001934488,0.5,0.8055100709199903,0.9138135415315628,0.8680885331948568,1.0000001192092896,0.013269424438476562,0.05377197265625,0.0019283294677734375,0.8674479950968994,0.0
olmoe_e64k8,contiguous,cvar_greedy,cvar_greedy,0.0,0,1024,calibration,historical test,0.5000000001934488,0.5,0.8055100709199903,0.9138135415315628,0.8680885331948568,1.0000001192092896,0.013269424438476562,0.05377197265625,0.0019283294677734375,0.8674479950968994,0.0
olmoe_e64k8,contiguous,oracle_cvar,oracle_cvar,0.0,0,1024,historical oracle,historical test,0.5000000001934488,0.5,0.8055100709199903,0.9138135415315628,0.8680885331948568,1.0000001192092896,0.013269424438476562,0.05377197265625,0.0019283294677734375,0.8674479950968994,0.0
olmoe_e64k8,contiguous,frequency,frequency,0.02,20,1024,calibration,historical test,0.46662240399297295,0.4643950127065182,0.7765825569629667,0.8990122902393342,0.8465789641930338,1.0000001192092896,0.018892288208007812,0.07469749450683594,0.0032329559326171875,0.8454867700053533,0.024778082164800153
olmoe_e64k8,contiguous,gate_mass,gate_mass,0.02,20,1024,calibration,historical test,0.46591621003387873,0.4631766974925995,0.777242837101221,0.8982096701860428,0.8467519770161361,1.0000001192092896,0.018646240234375,0.07486534118652344,0.00316619873046875,0.8456967003675899,0.024578778964162717
olmoe_e64k8,contiguous,cvar_greedy,cvar_greedy,0.02,20,1024,calibration,historical test,0.47470247538880983,0.4756496399641037,0.7637727327644824,0.8631934113800526,0.8241625233626356,1.0000001192092896,0.0152435302734375,0.0610504150390625,0.0025997161865234375,0.8229411658277258,0.0506008409886014
olmoe_e64k8,contiguous,oracle_cvar,oracle_cvar,0.02,20,1024,historical oracle,historical test,0.4755866052635298,0.47717370092868805,0.7635468035936356,0.8628556513786316,0.8236809555807062,1.0000001192092896,0.015230178833007812,0.061214447021484375,0.00257110595703125,0.8226103551665935,0.051155585998487796
olmoe_e64k8,contiguous,frequency,frequency,0.05,51,1024,calibration,historical test,0.43054578219742856,0.4273182973265648,0.7399103432893753,0.8630816721916199,0.8146148764335692,1.0000001192092896,0.03093719482421875,0.108367919921875,0.0066967010498046875,0.8126264502882916,0.06159931241631145
olmoe_e64k8,contiguous,gate_mass,gate_mass,0.05,51,1024,calibration,historical test,0.4291664645135991,0.4243980050086975,0.7397495567798614,0.8625272196531296,0.8141518374352644,1.0000001192092896,0.029878616333007812,0.10815811157226562,0.0059070587158203125,0.8118760632782009,0.06213271307833923
olmoe_e64k8,contiguous,cvar_greedy,cvar_greedy,0.05,51,1024,calibration,historical test,0.44341069945710565,0.4454331323504448,0.7169174276292323,0.8221041876077653,0.7811483439995249,1.0000001192092896,0.019906997680664062,0.07712554931640625,0.00353240966796875,0.7794470055442639,0.10015129318131044
olmoe_e64k8,contiguous,oracle_cvar,oracle_cvar,0.05,51,1024,historical oracle,historical test,0.44324541155952835,0.44510816037654877,0.7160814441740513,0.822294030636549,0.7810723734982884,1.0000001192092896,0.019786834716796875,0.07658004760742188,0.0035610198974609375,0.7794702724355508,0.10023880787403072
olmoe_e64k8,contiguous,frequency,frequency,0.1,102,1024,calibration,historical test,0.3838590057099318,0.3759477213025093,0.7007658839225768,0.8278983324766162,0.7767144105843642,1.0000001192092896,0.05777931213378906,0.1694469451904297,0.015508651733398438,0.7737485451340302,0.10525899043292875
olmoe_e64k8,contiguous,gate_mass,gate_mass,0.1,102,1024,calibration,historical test,0.3818699718764811,0.37308631651103497,0.6945444986224174,0.8191343992948532,0.7697152994737336,1.0000001192092896,0.05332374572753906,0.16659164428710938,0.012451171875,0.7668794351931687,0.11332166012961453
olmoe_e64k8,contiguous,cvar_greedy,cvar_greedy,0.1,102,1024,calibration,historical test,0.40275920281530375,0.4025000184774399,0.6668340850621461,0.7765868129208684,0.7332345096336601,1.0,0.029224395751953125,0.10667228698730469,0.00612640380859375,0.7308070701347233,0.15534593351312764
olmoe_e64k8,contiguous,oracle_cvar,oracle_cvar,0.1,102,1024,historical oracle,historical test,0.40148241341918034,0.40153612196445465,0.6619410682469604,0.7710122776776552,0.7284858166608119,1.0000001192092896,0.028461456298828125,0.1059112548828125,0.0053577423095703125,0.7257945623637903,0.16081622000034956
olmoe_e64k8,round_robin,frequency,frequency,0.0,0,1024,calibration,historical test,0.5000000001852776,0.5,0.7970563054084777,0.9026807463169099,0.8584206515519919,1.0000001192092896,0.01058197021484375,0.04805183410644531,0.0015735626220703125,0.8579086236042401,0.0
olmoe_e64k8,round_robin,gate_mass,gate_mass,0.0,0,1024,calibration,historical test,0.5000000001852776,0.5,0.7970563054084777,0.9026807463169099,0.8584206515519919,1.0000001192092896,0.01058197021484375,0.04805183410644531,0.0015735626220703125,0.8579086236042401,0.0
olmoe_e64k8,round_robin,cvar_greedy,cvar_greedy,0.0,0,1024,calibration,historical test,0.5000000001852776,0.5,0.7970563054084777,0.9026807463169099,0.8584206515519919,1.0000001192092896,0.01058197021484375,0.04805183410644531,0.0015735626220703125,0.8579086236042401,0.0
olmoe_e64k8,round_robin,oracle_cvar,oracle_cvar,0.0,0,1024,historical oracle,historical test,0.5000000001852776,0.5,0.7970563054084777,0.9026807463169099,0.8584206515519919,1.0000001192092896,0.01058197021484375,0.04805183410644531,0.0015735626220703125,0.8579086236042401,0.0
olmoe_e64k8,round_robin,frequency,frequency,0.02,20,1024,calibration,historical test,0.4666224039873703,0.4652087688446045,0.775009972602129,0.8913380855321884,0.8419073697318997,1.0000001192092896,0.0190582275390625,0.07518768310546875,0.00395965576171875,0.8412252874012288,0.019236817975239462
olmoe_e64k8,round_robin,gate_mass,gate_mass,0.02,20,1024,calibration,historical test,0.46591621002676264,0.46497122943401337,0.7729643046855925,0.8899707065150142,0.8400290760677575,1.0000001192092896,0.019329071044921875,0.0760498046875,0.0039730072021484375,0.8393342855616427,0.021424898679899163
olmoe_e64k8,round_robin,cvar_greedy,cvar_greedy,0.02,20,1024,calibration,historical test,0.4794575986555265,0.4816964119672775,0.7629384368658065,0.863329378515482,0.8233926011684887,1.0000001192092896,0.01276397705078125,0.05642509460449219,0.001953125,0.8228264623727184,0.040805227973224834
olmoe_e64k8,round_robin,oracle_cvar,oracle_cvar,0.02,20,1024,historical oracle,historical test,0.47765026214005024,0.47931383550167084,0.7616904288530348,0.8610847383737565,0.8218726669615015,1.0000001192092896,0.012842178344726562,0.05696296691894531,0.0019245147705078125,0.8213601962826942,0.042575844982775
olmoe_e64k8,round_robin,frequency,frequency,0.05,51,1024,calibration,historical test,0.4305457821875174,0.42487917095422745,0.745352765917778,0.8737849573045969,0.8199533918184952,1.0000001192092896,0.030370712280273438,0.10938835144042969,0.0070285797119140625,0.8181730727365482,0.044811666243058434
olmoe_e64k8,round_robin,gate_mass,gate_mass,0.05,51,1024,calibration,historical test,0.42916646450607043,0.42172525078058243,0.7460459306836128,0.875734269618988,0.8211956069318372,1.0000001192092896,0.028400421142578125,0.10985565185546875,0.0061283111572265625,0.8193165045997686,0.043364572547099356
olmoe_e64k8,round_robin,cvar_greedy,cvar_greedy,0.05,51,1024,calibration,historical test,0.4467937693110158,0.4483643304556608,0.7198962718248367,0.8203538590669632,0.7814991390282843,1.0000001192092896,0.017847061157226562,0.07491111755371094,0.0028095245361328125,0.7806454706317731,0.08960818030721474
olmoe_e64k8,round_robin,oracle_cvar,oracle_cvar,0.05,51,1024,historical oracle,historical test,0.44838932925670827,0.4498678296804428,0.7191728860139844,0.8193406641483307,0.7813124156124934,1.0000001192092896,0.01705169677734375,0.07236480712890625,0.0025844573974609375,0.7803766462944889,0.08982570002258183
olmoe_e64k8,round_robin,frequency,frequency,0.1,102,1024,calibration,historical test,0.38385900570530396,0.37294332683086395,0.7080762743949889,0.8415997219085694,0.7885890638003499,1.0000001192092896,0.05603599548339844,0.17082977294921875,0.016038894653320312,0.7854006164985504,0.08134891399151356
olmoe_e64k8,round_robin,gate_mass,gate_mass,0.1,102,1024,calibration,historical test,0.3818699718790808,0.37088438868522644,0.7008845806121826,0.8364148759841918,0.7828203062353691,1.0000001192092896,0.05425834655761719,0.17087745666503906,0.014423370361328125,0.7801754396219975,0.08806911294589681
olmoe_e64k8,round_robin,cvar_greedy,cvar_greedy,0.1,102,1024,calibration,historical test,0.40492893459377477,0.4034714847803116,0.6650894675403831,0.772868845909834,0.7309172019244147,1.0000001192092896,0.024820327758789062,0.10009574890136719,0.0041408538818359375,0.7292112166879389,0.14853259808819352
olmoe_e64k8,round_robin,oracle_cvar,oracle_cvar,0.1,102,1024,historical oracle,historical test,0.40539186805465377,0.40494462847709656,0.663001737743616,0.7678014659881591,0.7271790912505947,1.0000001192092896,0.024272918701171875,0.10000038146972656,0.0039215087890625,0.7253605133053853,0.1528872354877734
llmjp_e32k16,calibration_coactivation_balanced,frequency,frequency,0.0,0,512,calibration,historical test,0.4999999991491251,0.5,0.7256313562393188,0.8015137881040573,0.7722758782443784,0.9480813145637512,0.0002593994140625,0.0103912353515625,0.0,0.7715899861907607,0.0
llmjp_e32k16,calibration_coactivation_balanced,gate_mass,gate_mass,0.0,0,512,calibration,historical test,0.4999999991491251,0.5,0.7256313562393188,0.8015137881040573,0.7722758782443784,0.9480813145637512,0.0002593994140625,0.0103912353515625,0.0,0.7715899861907607,0.0
llmjp_e32k16,calibration_coactivation_balanced,cvar_greedy,cvar_greedy,0.0,0,512,calibration,historical test,0.4999999991491251,0.5,0.7256313562393188,0.8015137881040573,0.7722758782443784,0.9480813145637512,0.0002593994140625,0.0103912353515625,0.0,0.7715899861907607,0.0
llmjp_e32k16,calibration_coactivation_balanced,oracle_cvar,oracle_cvar,0.0,0,512,historical oracle,historical test,0.4999999991491251,0.5,0.7256313562393188,0.8015137881040573,0.7722758782443784,0.9480813145637512,0.0002593994140625,0.0103912353515625,0.0,0.7715899861907607,0.0
llmjp_e32k16,calibration_coactivation_balanced,frequency,frequency,0.02,10,512,calibration,historical test,0.4744460597949587,0.47498171776533127,0.7124992251396174,0.7963237649202347,0.7634555145538597,0.9480813145637512,0.0010128021240234375,0.026905059814453125,0.0,0.7629313275042011,0.011421260120891064
llmjp_e32k16,calibration_coactivation_balanced,gate_mass,gate_mass,0.02,10,512,calibration,historical test,0.47180234720871894,0.47376130521297455,0.7064476698637007,0.7937771791219711,0.7596001253549302,0.9480813145637512,0.0011157989501953125,0.029092788696289062,0.0,0.7590475786664744,0.01641350357629212
llmjp_e32k16,calibration_coactivation_balanced,cvar_greedy,cvar_greedy,0.02,10,512,calibration,historical test,0.4803227822822489,0.48254822939634323,0.6861572265625,0.7598876953125,0.7316700724298053,0.9374447464942932,0.0002918243408203125,0.011915206909179688,0.0,0.7311093201314379,0.0525794045346627
llmjp_e32k16,calibration_coactivation_balanced,oracle_cvar,oracle_cvar,0.02,10,512,historical oracle,historical test,0.4803227822822489,0.48254822939634323,0.6861572265625,0.7598876953125,0.7316700724298053,0.9374447464942932,0.0002918243408203125,0.011915206909179688,0.0,0.7311093201314379,0.0525794045346627
llmjp_e32k16,calibration_coactivation_balanced,frequency,frequency,0.05,26,512,calibration,historical test,0.442692579608174,0.4391314759850502,0.6797265410423279,0.7741321611404419,0.7367276788134047,0.9375267419964075,0.0013484954833984375,0.03624725341796875,0.0,0.7358135725020342,0.04603044123530786
llmjp_e32k16,calibration_coactivation_balanced,gate_mass,gate_mass,0.05,26,512,calibration,historical test,0.44048852756281853,0.4368433952331543,0.677978515625,0.7710253360122443,0.7343314678120737,0.9480813145637512,0.00180816650390625,0.03934478759765625,1.9073486328125e-06,0.7334508124009029,0.0491332326973154
llmjp_e32k16,calibration_coactivation_balanced,cvar_greedy,cvar_greedy,0.05,26,512,calibration,historical test,0.4565555232488472,0.4584758151322603,0.6526727080345154,0.7272615548968315,0.6984129804753486,0.9374447464942932,0.0003662109375,0.015209197998046875,0.0,0.6974516634554719,0.09564315013560043
llmjp_e32k16,calibration_coactivation_balanced,oracle_cvar,oracle_cvar,0.05,26,512,historical oracle,historical test,0.4553808008539417,0.4579062918201089,0.6524639897048472,0.726850688457489,0.6981572491124638,0.9374447464942932,0.00061798095703125,0.017513275146484375,0.0,0.6971614106976187,0.09597429004309843
llmjp_e32k16,calibration_coactivation_balanced,frequency,frequency,0.1,51,512,calibration,historical test,0.4010130961129148,0.392822265625,0.649682288616895,0.7459587633609772,0.707980466065312,0.9374447464942932,0.0049381256103515625,0.07457733154296875,7.62939453125e-06,0.7062676735439554,0.08325446124930092
llmjp_e32k16,calibration_coactivation_balanced,gate_mass,gate_mass,0.1,51,512,calibration,historical test,0.398328758902351,0.3904552534222603,0.6376723293215036,0.7412589567899704,0.6997656271327376,0.9375267419964075,0.0048465728759765625,0.06720161437988281,1.9073486328125e-06,0.6980991525388651,0.0938916430699337
llmjp_e32k16,calibration_coactivation_balanced,cvar_greedy,cvar_greedy,0.1,51,512,calibration,historical test,0.41848064662837103,0.4197802245616913,0.6087858773767948,0.6866003241203725,0.6565955743797218,0.9374447464942932,0.001186370849609375,0.03035736083984375,0.0,0.6548354224822726,0.14979142444230376
llmjp_e32k16,calibration_coactivation_balanced,oracle_cvar,oracle_cvar,0.1,51,512,historical oracle,historical test,0.4192851984813659,0.42002443224191666,0.6096250239759684,0.6856314587593079,0.6562254418142391,0.9374447464942932,0.0009613037109375,0.02816009521484375,0.0,0.6542274980848405,0.1502706994991967
llmjp_e32k16,calibration_frequency_lpt,frequency,frequency,0.0,0,512,calibration,historical test,0.4999999991084536,0.5,0.7133089303970337,0.7982193076610565,0.7641577763246066,0.9624488353729248,0.000438690185546875,0.009464263916015625,0.0,0.7635541020859621,0.0
llmjp_e32k16,calibration_frequency_lpt,gate_mass,gate_mass,0.0,0,512,calibration,historical test,0.4999999991084536,0.5,0.7133089303970337,0.7982193076610565,0.7641577763246066,0.9624488353729248,0.000438690185546875,0.009464263916015625,0.0,0.7635541020859621,0.0
llmjp_e32k16,calibration_frequency_lpt,cvar_greedy,cvar_greedy,0.0,0,512,calibration,historical test,0.4999999991084536,0.5,0.7133089303970337,0.7982193076610565,0.7641577763246066,0.9624488353729248,0.000438690185546875,0.009464263916015625,0.0,0.7635541020859621,0.0
llmjp_e32k16,calibration_frequency_lpt,oracle_cvar,oracle_cvar,0.0,0,512,historical oracle,historical test,0.4999999991084536,0.5,0.7133089303970337,0.7982193076610565,0.7641577763246066,0.9624488353729248,0.000438690185546875,0.009464263916015625,0.0,0.7635541020859621,0.0
llmjp_e32k16,calibration_frequency_lpt,frequency,frequency,0.02,10,512,calibration,historical test,0.47444605975613463,0.47303231805562973,0.70530287027359,0.7889287102222443,0.7559289739261684,0.9624488353729248,0.0005741119384765625,0.018751144409179688,0.0,0.7553028354357153,0.010768459935088903
llmjp_e32k16,calibration_frequency_lpt,gate_mass,gate_mass,0.02,10,512,calibration,historical test,0.4718023471762436,0.4671996161341667,0.7052361756563187,0.7943380194902421,0.7585565282628025,0.9624488353729248,0.000530242919921875,0.017351150512695312,0.0,0.7579178182082749,0.0073299627843147475
llmjp_e32k16,calibration_frequency_lpt,cvar_greedy,cvar_greedy,0.02,10,512,calibration,historical test,0.4821157773400149,0.48383158445358276,0.6867219805717468,0.7605107758939267,0.7320041260920419,0.9418213963508606,0.000499725341796875,0.0127410888671875,0.0,0.730997660808749,0.04207724010506719
llmjp_e32k16,calibration_frequency_lpt,oracle_cvar,oracle_cvar,0.02,10,512,historical oracle,historical test,0.4820014773911927,0.48392312973737717,0.6853480106219649,0.7606450212001801,0.7315692240591142,0.9418213963508606,0.000469207763671875,0.012285232543945312,0.0,0.7304956311059219,0.04264636607146044
llmjp_e32k16,calibration_frequency_lpt,frequency,frequency,0.05,26,512,calibration,historical test,0.44269257955819175,0.43711844086647034,0.6862649321556091,0.7767466247081757,0.7412467791072983,0.9624488353729248,0.0010623931884765625,0.03407096862792969,0.0,0.7403991535676874,0.029982024559776166
llmjp_e32k16,calibration_frequency_lpt,gate_mass,gate_mass,0.05,26,512,calibration,historical test,0.4404885275155088,0.4356846511363983,0.6766825705766678,0.763854269385338,0.7300847248666112,0.9624488353729248,0.0013561248779296875,0.0341796875,0.0,0.7288426882137113,0.04458902665608866
llmjp_e32k16,calibration_frequency_lpt,cvar_greedy,cvar_greedy,0.05,26,512,calibration,historical test,0.45401342246145626,0.45654296875,0.6521783232688902,0.7275390857458115,0.6985128964989171,0.9418213963508606,0.00075531005859375,0.018980026245117188,0.0,0.6969966287077791,0.08590487705487171
llmjp_e32k16,calibration_frequency_lpt,oracle_cvar,oracle_cvar,0.05,26,512,historical oracle,historical test,0.45542593705580847,0.4583841860294342,0.653261990938335,0.7269550487771632,0.6989421838765881,0.9418213963508606,0.0009098052978515625,0.01973724365234375,0.0,0.6974361256876099,0.08534309859632383
llmjp_e32k16,calibration_frequency_lpt,frequency,frequency,0.1,51,512,calibration,historical test,0.4010130960227678,0.392333984375,0.6571497917175293,0.7502308395504952,0.7140751699937887,0.9624488353729248,0.0056400299072265625,0.08285140991210938,3.814697265625e-06,0.7128023583353813,0.06553961483150994
llmjp_e32k16,calibration_frequency_lpt,gate_mass,gate_mass,0.1,51,512,calibration,historical test,0.3983287588897757,0.3880341909825802,0.6422644704580307,0.7398046255111694,0.7019755248407865,0.9624488353729248,0.003383636474609375,0.06305503845214844,0.0,0.7001647862053826,0.08137357678004664
llmjp_e32k16,calibration_frequency_lpt,cvar_greedy,cvar_greedy,0.1,51,512,calibration,historical test,0.4147685277539215,0.4149053115397692,0.6076490256935358,0.6867146193981171,0.6566522065168359,0.9418213963508606,0.001209259033203125,0.03308677673339844,0.0,0.6537499096746969,0.14068504324439857
llmjp_e32k16,calibration_frequency_lpt,oracle_cvar,oracle_cvar,0.1,51,512,historical oracle,historical test,0.417431542002769,0.41896509751677513,0.6076427631080149,0.6845768686756492,0.6552842621463446,0.9418213963508606,0.0013942718505859375,0.03256416320800781,0.0,0.6529416363954114,0.14247517666039378
llmjp_e32k16,contiguous,frequency,frequency,0.0,0,512,calibration,historical test,0.4999999990952375,0.5,0.719061306118965,0.7884865248203278,0.7615869515250936,0.9589166045188904,0.0002231597900390625,0.0073089599609375,0.0,0.7610695235806519,0.0
llmjp_e32k16,contiguous,gate_mass,gate_mass,0.0,0,512,calibration,historical test,0.4999999990952375,0.5,0.719061306118965,0.7884865248203278,0.7615869515250936,0.9589166045188904,0.0002231597900390625,0.0073089599609375,0.0,0.7610695235806519,0.0
llmjp_e32k16,contiguous,cvar_greedy,cvar_greedy,0.0,0,512,calibration,historical test,0.4999999990952375,0.5,0.719061306118965,0.7884865248203278,0.7615869515250936,0.9589166045188904,0.0002231597900390625,0.0073089599609375,0.0,0.7610695235806519,0.0
llmjp_e32k16,contiguous,oracle_cvar,oracle_cvar,0.0,0,512,historical oracle,historical test,0.4999999990952375,0.5,0.719061306118965,0.7884865248203278,0.7615869515250936,0.9589166045188904,0.0002231597900390625,0.0073089599609375,0.0,0.7610695235806519,0.0
llmjp_e32k16,contiguous,frequency,frequency,0.02,10,512,calibration,historical test,0.4744460597268141,0.47400539368391037,0.704941987991333,0.7791607606410981,0.7507120651841436,0.9589166045188904,0.0003108978271484375,0.015743255615234375,0.0,0.7503097336789522,0.014279244568427552
llmjp_e32k16,contiguous,gate_mass,gate_mass,0.02,10,512,calibration,historical test,0.47180234715418834,0.46961191296577454,0.7050061225891113,0.779230602439493,0.7507339306611922,0.9589166045188904,0.0003910064697265625,0.0172882080078125,0.0,0.7503424595723782,0.0142505341539374
llmjp_e32k16,contiguous,cvar_greedy,cvar_greedy,0.02,10,512,calibration,historical test,0.4774674737076605,0.4781017601490021,0.687255859375,0.7645991283655167,0.7350154571269389,0.9589166045188904,0.0002651214599609375,0.009693145751953125,0.0,0.7345775155005756,0.03488963977776227
llmjp_e32k16,contiguous,oracle_cvar,oracle_cvar,0.02,10,512,historical oracle,historical test,0.4799526546496722,0.4815538823604584,0.6877214312553406,0.7614858770370483,0.7330928192138628,0.9589166045188904,0.0002689361572265625,0.009792327880859375,0.0,0.7326732947702069,0.037414155079955935
llmjp_e32k16,contiguous,frequency,frequency,0.05,26,512,calibration,historical test,0.4426925795398988,0.44022468477487564,0.682628870010376,0.7645263671875,0.7335446279184294,0.9589166045188904,0.001476287841796875,0.036930084228515625,0.0,0.7328461674773369,0.036820908696648225
llmjp_e32k16,contiguous,gate_mass,gate_mass,0.05,26,512,calibration,historical test,0.4404885274965853,0.4381638169288635,0.6758604036644101,0.7570477890968325,0.7266004285527151,0.9539146218448877,0.0014324188232421875,0.03495597839355469,0.0,0.7256894452989533,0.04593897374727496
llmjp_e32k16,contiguous,cvar_greedy,cvar_greedy,0.05,26,512,calibration,historical test,0.45182011753397244,0.452491395175457,0.6483449883759022,0.7255408277176321,0.6957277516518608,0.9549516183324158,0.000286102294921875,0.012907028198242188,0.0,0.6948109494906058,0.086476271345443
llmjp_e32k16,contiguous,oracle_cvar,oracle_cvar,0.05,26,512,historical oracle,historical test,0.4518475210843276,0.4524798411875963,0.6480271250009536,0.7224886760860683,0.6939500581257112,0.9549516183324158,0.0002994537353515625,0.01314544677734375,0.0,0.6929949485583632,0.08881046775281287
llmjp_e32k16,contiguous,frequency,frequency,0.1,51,512,calibration,historical test,0.40101309611762925,0.3954084664583206,0.648035166785121,0.7395633173547685,0.7050618972012915,0.9589166045188904,0.003704071044921875,0.07594108581542969,0.0,0.7035963675997464,0.07422009293963017
llmjp_e32k16,contiguous,gate_mass,gate_mass,0.1,51,512,calibration,historical test,0.3983287588767688,0.39150598272681236,0.6296206249855458,0.7258545322529972,0.6890383380453485,0.9539146218448877,0.0026187896728515625,0.0595703125,0.0,0.6869150675512196,0.09525979053930078
llmjp_e32k16,contiguous,cvar_greedy,cvar_greedy,0.1,51,512,calibration,historical test,0.41331357051487316,0.41161397844552994,0.6030776396393775,0.6825345806777477,0.6520833660443617,0.9499496351927519,0.000507354736328125,0.024311065673828125,0.0,0.6503738872945399,0.14378343176895125
llmjp_e32k16,contiguous,oracle_cvar,oracle_cvar,0.1,51,512,historical oracle,historical test,0.414574126794764,0.4144375119358301,0.6050306450575589,0.6807861328125,0.6517772799412127,0.9549516183324158,0.0008602142333984375,0.027622222900390625,0.0,0.649680578384109,0.14418533742468242
llmjp_e32k16,round_robin,frequency,frequency,0.0,0,512,calibration,historical test,0.49999999916624205,0.5,0.7319309443235394,0.8196036297082901,0.7847357210962004,0.9636135697364807,0.0006351470947265625,0.0155029296875,0.0,0.7835930713417746,0.0
llmjp_e32k16,round_robin,gate_mass,gate_mass,0.0,0,512,calibration,historical test,0.49999999916624205,0.5,0.7319309443235394,0.8196036297082901,0.7847357210962004,0.9636135697364807,0.0006351470947265625,0.0155029296875,0.0,0.7835930713417746,0.0
llmjp_e32k16,round_robin,cvar_greedy,cvar_greedy,0.0,0,512,calibration,historical test,0.49999999916624205,0.5,0.7319309443235394,0.8196036297082901,0.7847357210962004,0.9636135697364807,0.0006351470947265625,0.0155029296875,0.0,0.7835930713417746,0.0
llmjp_e32k16,round_robin,oracle_cvar,oracle_cvar,0.0,0,512,historical oracle,historical test,0.49999999916624205,0.5,0.7319309443235394,0.8196036297082901,0.7847357210962004,0.9636135697364807,0.0006351470947265625,0.0155029296875,0.0,0.7835930713417746,0.0
llmjp_e32k16,round_robin,frequency,frequency,0.02,10,512,calibration,historical test,0.47444605981207566,0.4725542962551117,0.7190311074256895,0.8128137606382371,0.7749499248025075,0.9636135697364807,0.0007038116455078125,0.023733139038085938,0.0,0.7743842563752907,0.012470180763560879
llmjp_e32k16,round_robin,gate_mass,gate_mass,0.02,10,512,calibration,historical test,0.4718023472289907,0.4694525748491287,0.7111980013549328,0.8005139827728271,0.7649855180592696,0.9636135697364807,0.000675201416015625,0.021121978759765625,0.0,0.7644482322937101,0.025167967388233126
llmjp_e32k16,round_robin,cvar_greedy,cvar_greedy,0.02,10,512,calibration,historical test,0.48297624925002225,0.48676668107509613,0.6898810101673005,0.7624130113609136,0.734107295015744,0.9597248332574964,0.000732421875,0.017301559448242188,0.0,0.7335468559951317,0.064516530494793
llmjp_e32k16,round_robin,oracle_cvar,oracle_cvar,0.02,10,512,historical oracle,historical test,0.4800144279284133,0.484730064868927,0.6890951186418534,0.7622888684272766,0.7336878628101595,0.9597248332574964,0.0009002685546875,0.020557403564453125,0.0,0.7331789926973553,0.06505101897837895
llmjp_e32k16,round_robin,frequency,frequency,0.05,26,512,calibration,historical test,0.44269257963446496,0.43534006737172604,0.6882676558569071,0.7802054109424352,0.7441111293383512,0.9636135697364807,0.001190185546875,0.03446197509765625,0.0,0.7436601308024298,0.05176850073945982
llmjp_e32k16,round_robin,gate_mass,gate_mass,0.05,26,512,calibration,historical test,0.44048852758216395,0.43617281317710876,0.684368956647813,0.7737330340966583,0.7388051791918602,0.9636135697364807,0.0017719268798828125,0.04077339172363281,0.0,0.7383033522051676,0.05852994921676258
llmjp_e32k16,round_robin,cvar_greedy,cvar_greedy,0.05,26,512,calibration,historical test,0.451755192424792,0.45419009681791067,0.654081155359745,0.7336180148273707,0.7029842168995274,0.9597248332574964,0.0009784698486328125,0.024446487426757812,0.0,0.702276911063985,0.10417711593716417
llmjp_e32k16,round_robin,oracle_cvar,oracle_cvar,0.05,26,512,historical oracle,historical test,0.4522590186813087,0.4551117643713951,0.65322291906923,0.7319182322081179,0.7011147182506561,0.9597248332574964,0.001129150390625,0.02471923828125,0.0,0.7005602965981446,0.10655944491571478
llmjp_e32k16,round_robin,frequency,frequency,0.1,51,512,calibration,historical test,0.40101309610613356,0.3943335022777319,0.6577984482049942,0.7573598951473833,0.7176293040181316,0.9636135697364807,0.0080718994140625,0.0892333984375,7.62939453125e-06,0.7169129065040425,0.08551467108484312
llmjp_e32k16,round_robin,gate_mass,gate_mass,0.1,51,512,calibration,historical test,0.3983287589327986,0.3918885439634323,0.6366634281352163,0.7316188420727849,0.694183028448496,0.9636135697364807,0.0056018829345703125,0.07191085815429688,5.7220458984375e-06,0.6932778673346237,0.11539259678559166
llmjp_e32k16,round_robin,cvar_greedy,cvar_greedy,0.1,51,512,calibration,historical test,0.4152950409495322,0.4185791015625,0.6062973141670227,0.6843581584841013,0.6548246837699909,0.9480738742277026,0.00266265869140625,0.04075813293457031,0.0,0.653646422379339,0.1655475006856273
llmjp_e32k16,round_robin,oracle_cvar,oracle_cvar,0.1,51,512,historical oracle,historical test,0.41788728513854334,0.4215279743075371,0.6062219697982072,0.6807037175819278,0.6524867845010869,0.9480738742277026,0.00257110595703125,0.03899574279785156,0.0,0.651313913878291,0.16852671930159424
llmjp_e32k16,calibration_coactivation_balanced,random_median,random_median,0.0,0,512,calibration-independent random,historical test,0.4999999991491251,,0.7256313562393188,0.8015137881040573,0.7722758782443784,,0.0002593994140625,0.0103912353515625,0.0,0.7715899861907607,0.0
llmjp_e32k16,calibration_coactivation_balanced,random_median,random_median,0.02,10,512,calibration-independent random,historical test,0.4902615173245364,,0.7163179531693458,0.7939435279369353,0.7636697845289957,,0.00035762786865234375,0.013315200805664062,0.0,0.7630179594128368,0.011143807488778412
llmjp_e32k16,calibration_coactivation_balanced,random_median,random_median,0.05,26,512,calibration-independent random,historical test,0.47479203569439044,,0.7048490072600543,0.7819346526265145,0.7517904697155717,,0.0006093978881835938,0.019605636596679688,0.0,0.7509610121549575,0.026526024061992393
llmjp_e32k16,calibration_coactivation_balanced,random_median,random_median,0.1,51,512,calibration-independent random,historical test,0.4509219815027785,,0.6890110262669623,0.772182219028473,0.7407415367960795,,0.001766204833984375,0.034010887145996094,0.0,0.7398692346500084,0.040833000662905794
llmjp_e32k16,calibration_frequency_lpt,random_median,random_median,0.0,0,512,calibration-independent random,historical test,0.4999999991084536,,0.7133089303970337,0.7982193076610565,0.7641577763246066,,0.000438690185546875,0.009464263916015625,0.0,0.7635541020859621,0.0
llmjp_e32k16,calibration_frequency_lpt,random_median,random_median,0.02,10,512,calibration-independent random,historical test,0.49026151728437783,,0.7067750856280326,0.7930051110684873,0.7584306890575168,,0.0005168914794921875,0.012106895446777344,0.0,0.7577418992144619,0.0074946397779730445
llmjp_e32k16,calibration_frequency_lpt,random_median,random_median,0.05,26,512,calibration-independent random,historical test,0.4747920356543016,,0.6960468411445617,0.782261041905731,0.7477507781191173,,0.000804901123046875,0.017922401428222656,0.0,0.7471547820909168,0.02147069455263878
llmjp_e32k16,calibration_frequency_lpt,random_median,random_median,0.1,51,512,calibration-independent random,historical test,0.4509219814630385,,0.6787950607016682,0.7663257114682347,0.7324384754863444,,0.0016422271728515625,0.029462814331054688,0.0,0.7318179237535443,0.04150883733830918
llmjp_e32k16,contiguous,random_median,random_median,0.0,0,512,calibration-independent random,historical test,0.4999999990952375,,0.719061306118965,0.7884865248203278,0.7615869515250936,,0.0002231597900390625,0.0073089599609375,0.0,0.7610695235806519,0.0
llmjp_e32k16,contiguous,random_median,random_median,0.02,10,512,calibration-independent random,historical test,0.4902615172726992,,0.7105907201766968,0.7821190378069878,0.7546760623193292,,0.000278472900390625,0.009613990783691406,0.0,0.7541616324762217,0.00907432722150131
llmjp_e32k16,contiguous,random_median,random_median,0.05,26,512,calibration-independent random,historical test,0.47479203564082284,,0.7030518728308379,0.7757576805353166,0.7483800832071797,,0.0004405975341796875,0.01722240447998047,0.0,0.7477772907658641,0.017341248154878197
llmjp_e32k16,contiguous,random_median,random_median,0.1,51,512,calibration-independent random,historical test,0.45092198145552875,,0.6816674418747424,0.7600689080357552,0.7307517112988104,,0.0012216567993164062,0.027431488037109375,0.0,0.7300739039879967,0.040488141458483506
llmjp_e32k16,round_robin,random_median,random_median,0.0,0,512,calibration-independent random,historical test,0.49999999916624205,,0.7319309443235394,0.8196036297082901,0.7847357210962004,,0.0006351470947265625,0.0155029296875,0.0,0.7835930713417746,0.0
llmjp_e32k16,round_robin,random_median,random_median,0.02,10,512,calibration-independent random,historical test,0.4902615173434306,,0.7255968153476715,0.8153143525123596,0.7795903731875184,,0.0009050369262695312,0.019227981567382812,0.0,0.7783423246546481,0.006556790739045748
llmjp_e32k16,round_robin,random_median,random_median,0.05,26,512,calibration-independent random,historical test,0.47479203571686823,,0.7107349872589108,0.8013313814904541,0.765769358996665,,0.0014324188232421875,0.02443695068359375,0.0,0.7646543224964173,0.024169107623954245
llmjp_e32k16,round_robin,random_median,random_median,0.1,51,512,calibration-independent random,historical test,0.4509219815264658,,0.6899832382798194,0.7850280129164457,0.7489946416392586,,0.0024061203002929688,0.03557395935058594,0.0,0.7476945965999908,0.045545370875961944
olmoe_e64k8,calibration_coactivation_balanced,random_median,random_median,0.0,0,1024,calibration-independent random,historical test,0.5000000001147398,,0.8656550645828246,0.9999999403953552,0.9309252987489113,,0.03591728210449219,0.09116172790527344,0.011041641235351562,0.9301351514781211,0.0
olmoe_e64k8,calibration_coactivation_balanced,random_median,random_median,0.02,20,1024,calibration-independent random,historical test,0.490549511025933,,0.8559192582964896,0.9999998807907104,0.9248656825085111,,0.03747272491455078,0.0962533950805664,0.011444091796875,0.9240921941355404,0.006509240052390619
olmoe_e64k8,calibration_coactivation_balanced,random_median,random_median,0.05,51,1024,calibration-independent random,historical test,0.4744180989955029,,0.8375827522948383,0.9504722321033479,0.9111041567434175,,0.04319953918457031,0.10962772369384766,0.013856887817382812,0.9104091526522009,0.021291871680930663
olmoe_e64k8,calibration_coactivation_balanced,random_median,random_median,0.1,102,1024,calibration-independent random,historical test,0.44948290008235503,,0.8108123704791068,0.9324637347459794,0.8862422539388763,,0.05057239532470703,0.12894916534423828,0.01611042022705078,0.8853590552725974,0.04799852885090278
olmoe_e64k8,calibration_frequency_lpt,random_median,random_median,0.0,0,1024,calibration-independent random,historical test,0.5000000001567031,,0.8125631392002104,0.9162349921464921,0.8758925844280178,,0.014837265014648438,0.05868721008300781,0.0027713775634765625,0.8754177239700789,0.0
olmoe_e64k8,calibration_frequency_lpt,random_median,random_median,0.02,20,1024,calibration-independent random,historical test,0.4905495110677365,,0.8034885808825492,0.9107121190428734,0.8669675321611479,,0.016363143920898438,0.06463336944580078,0.0030775070190429688,0.8664742976097708,0.010189665291775674
olmoe_e64k8,calibration_frequency_lpt,random_median,random_median,0.05,51,1024,calibration-independent random,historical test,0.4744180990366864,,0.7889437213540076,0.902345119714737,0.8545221098739131,,0.020348548889160156,0.0742645263671875,0.004126548767089844,0.8539883980921265,0.02439851065534493
olmoe_e64k8,calibration_frequency_lpt,random_median,random_median,0.1,102,1024,calibration-independent random,historical test,0.4494829001241585,,0.7665899854153394,0.8825877797603607,0.8337048551853508,,0.02692413330078125,0.09600830078125,0.0058155059814453125,0.8331750572264,0.048165414335842094
olmoe_e64k8,contiguous,random_median,random_median,0.0,0,1024,calibration-independent random,historical test,0.5000000001934488,,0.8055100709199903,0.9138135415315628,0.8680885331948568,,0.013269424438476562,0.05377197265625,0.0019283294677734375,0.8674479950968994,0.0
olmoe_e64k8,contiguous,random_median,random_median,0.02,20,1024,calibration-independent random,historical test,0.49054951110453193,,0.798258626461029,0.9100229722261429,0.8623763522950958,,0.014908790588378906,0.05966663360595703,0.0022249221801757812,0.8617024043930476,0.006580182413812363
olmoe_e64k8,contiguous,random_median,random_median,0.05,51,1024,calibration-independent random,historical test,0.4744180990739775,,0.7856400619260966,0.9009315633773805,0.8508423786024714,,0.017950057983398438,0.06979656219482422,0.0028858184814453125,0.8502564358393301,0.019866815345335576
olmoe_e64k8,contiguous,random_median,random_median,0.1,102,1024,calibration-independent random,historical test,0.4494829001623053,,0.764977653324604,0.8822778883576394,0.8330251586787799,,0.025261878967285156,0.08977508544921875,0.004540443420410156,0.8323448326051975,0.04039147296074963
olmoe_e64k8,round_robin,random_median,random_median,0.0,0,1024,calibration-independent random,historical test,0.5000000001852776,,0.7970563054084777,0.9026807463169099,0.8584206515519919,,0.01058197021484375,0.04805183410644531,0.0015735626220703125,0.8579086236042401,0.0
olmoe_e64k8,round_robin,random_median,random_median,0.02,20,1024,calibration-independent random,historical test,0.49054951109648504,,0.790330383181572,0.8965384957194329,0.851406502256425,,0.012144088745117188,0.05455970764160156,0.0018358230590820312,0.8508984358584801,0.008170993187181175
olmoe_e64k8,round_robin,random_median,random_median,0.05,51,1024,calibration-independent random,historical test,0.4744180990647777,,0.7765109166502951,0.884332905113697,0.839847088172939,,0.015489578247070312,0.0638275146484375,0.0024423599243164062,0.8393911275059744,0.021636901844652334
olmoe_e64k8,round_robin,random_median,random_median,0.1,102,1024,calibration-independent random,historical test,0.4494829001499412,,0.7561714231967924,0.866347488462925,0.8228962158606195,,0.02329254150390625,0.08546066284179688,0.0042972564697265625,0.8223669950250396,0.0413834821274926
