sample_id,char_count,token_count_input,unique_token_ratio,token_id_entropy,adjacent_repeat_rate,early_route_top1_weight_mean,early_route_top1_weight_std,early_route_top1_top2_margin_mean,early_route_tail_mass_mean,early_route_routing_entropy_mean,early_route_rank1_hhi_mean,early_route_active_expert_fraction_mean,early_route_same_id_adjacent_layer_rate,full_route_top1_weight_mean,full_route_top1_weight_std,full_route_top1_top2_margin_mean,full_route_tail_mass_mean,full_route_routing_entropy_mean,full_route_rank1_hhi_mean,full_route_active_expert_fraction_mean,full_route_same_id_adjacent_layer_rate,full_mean_nll,full_sample_ppl,fp8top8_rest_int4__decode_steps,fp8top8_rest_int4__decode_kl_sum,fp8top8_rest_int4__decode_mean_kl,fp8top8_rest_int4__decode_p95_step_kl,fp8top8_rest_int4__decode_reference_nll,fp8top8_rest_int4__decode_candidate_nll,fp8top8_rest_int4__decode_nll_delta,rankk_drop_renorm__decode_steps,rankk_drop_renorm__decode_kl_sum,rankk_drop_renorm__decode_mean_kl,rankk_drop_renorm__decode_p95_step_kl,rankk_drop_renorm__decode_reference_nll,rankk_drop_renorm__decode_candidate_nll,rankk_drop_renorm__decode_nll_delta,keep12_drop_renorm__decode_steps,keep12_drop_renorm__decode_kl_sum,keep12_drop_renorm__decode_mean_kl,keep12_drop_renorm__decode_p95_step_kl,keep12_drop_renorm__decode_reference_nll,keep12_drop_renorm__decode_candidate_nll,keep12_drop_renorm__decode_nll_delta,keep8_drop_renorm__decode_steps,keep8_drop_renorm__decode_kl_sum,keep8_drop_renorm__decode_mean_kl,keep8_drop_renorm__decode_p95_step_kl,keep8_drop_renorm__decode_reference_nll,keep8_drop_renorm__decode_candidate_nll,keep8_drop_renorm__decode_nll_delta,split
184,288.0,64.0,0.78125,3.809443085683234,0.0,0.22398948669433594,0.10865871608257294,0.09533262252807617,0.2506364583969116,0.8929743766784668,0.1943359375,0.97265625,0.020833333333333332,0.2132267951965332,0.08869272470474243,0.08166587352752686,0.2492988407611847,0.9009948372840881,0.127410888671875,1.0,0.025,2.944765363420759,19.00620231294564,16,0.04555179923772812,0.0028469874523580074,0.006108797155320644,2.5147273540496826,2.5276567935943604,0.012929773889482021,16,0.049770288169384,0.0031106430105865,0.006643414963036776,2.5147273540496826,2.4790587425231934,-0.03566876798868179,16,0.3276308476924896,0.0204769279807806,0.04683731496334076,2.5147273540496826,2.4462852478027344,-0.0684422180056572,16,2.4143149852752686,0.15089468657970428,0.3919939398765564,2.5147273540496826,2.637493133544922,0.12276583909988403,train
185,248.0,64.0,0.65625,3.622671193405071,0.0,0.19799423217773438,0.09617093950510025,0.07490015029907227,0.26836609840393066,0.9123197793960571,0.16259765625,0.98828125,0.025,0.18046140670776367,0.0732785239815712,0.060364365577697754,0.2835921049118042,0.9286853671073914,0.098480224609375,1.0,0.040625,3.0481434171161954,21.076178404229807,16,0.08422830700874329,0.005264269188046455,0.01344898622483015,4.027936935424805,3.991068124771118,-0.03686847537755966,16,0.14298538863658905,0.008936586789786816,0.019695542752742767,4.027936935424805,4.0591936111450195,0.031257208436727524,16,0.7456218004226685,0.04660136252641678,0.13210470974445343,4.027936935424805,4.066311359405518,0.03837517648935318,16,4.11021614074707,0.2568885087966919,0.5417754054069519,4.027936935424805,4.188427448272705,0.16049107909202576,train
186,261.0,64.0,0.734375,3.722799688116242,0.0,0.18614578247070312,0.09388859570026398,0.06808137893676758,0.2857329845428467,0.9242746829986572,0.158203125,0.99609375,0.020833333333333332,0.19312095642089844,0.07593117654323578,0.06686556339263916,0.2676906883716583,0.9174741506576538,0.118896484375,1.0,0.015625,2.856209648980035,17.395466894608557,16,0.03729981929063797,0.002331238705664873,0.004716274794191122,2.4878289699554443,2.503969192504883,0.016140194609761238,16,0.06923767924308777,0.0043273549526929855,0.01600692793726921,2.4878289699554443,2.49757981300354,0.009750789031386375,16,0.39728692173957825,0.02483043260872364,0.06625165790319443,2.4878289699554443,2.4659416675567627,-0.02188749983906746,16,2.8605549335479736,0.17878468334674835,0.528616189956665,2.4878289699554443,2.600363254547119,0.11253441125154495,train
187,171.0,64.0,0.78125,3.8474554395683747,0.0,0.18764114379882812,0.088338203728199,0.06282663345336914,0.27096235752105713,0.919134795665741,0.1962890625,0.94921875,0.06666666666666667,0.20334100723266602,0.09083706885576248,0.07627391815185547,0.25956058502197266,0.9092044830322266,0.1617431640625,0.994140625,0.03125,2.82855224609375,16.920945717641924,16,0.046262796968221664,0.002891424810513854,0.006719981320202351,2.0152664184570312,2.034677743911743,0.01941116340458393,16,0.056032828986644745,0.0035020518116652966,0.008356144651770592,2.0152664184570312,2.019965887069702,0.004699324257671833,16,0.3376547694206238,0.021103423088788986,0.044894009828567505,2.0152664184570312,2.026923418045044,0.01165693812072277,16,2.7435293197631836,0.17147058248519897,0.44312000274658203,2.0152664184570312,2.1709821224212646,0.15571565926074982,train
188,267.0,64.0,0.71875,3.728109033017098,0.0,0.2020854949951172,0.09645760804414749,0.07913446426391602,0.2759770154953003,0.9142500162124634,0.19091796875,0.9921875,0.03333333333333333,0.21279239654541016,0.09087061882019043,0.08115947246551514,0.2535799443721771,0.9012707471847534,0.130096435546875,1.0,0.029166666666666667,2.810304914202009,16.61498359095853,16,0.05792839080095291,0.003620524425059557,0.011523393914103508,2.410731077194214,2.3954248428344727,-0.01530604436993599,16,0.05744146928191185,0.0035900918301194906,0.01462877169251442,2.410731077194214,2.3796818256378174,-0.031049437820911407,16,0.3843775987625122,0.024023599922657013,0.10382090508937836,2.410731077194214,2.4177520275115967,0.007020960096269846,16,2.060990810394287,0.12881192564964294,0.5455700755119324,2.410731077194214,2.693182945251465,0.28245189785957336,train
189,226.0,64.0,0.796875,3.8527647844672313,0.0,0.2146148681640625,0.10547661036252975,0.08572053909301758,0.25037264823913574,0.8975785970687866,0.1953125,0.970703125,0.029166666666666667,0.20840787887573242,0.08558981865644455,0.07897579669952393,0.25551754236221313,0.9057520031929016,0.144134521484375,1.0,0.023958333333333335,2.913748847113715,18.425744551574155,16,0.06342580169439316,0.003964112605899572,0.010347996838390827,2.9702537059783936,2.9453976154327393,-0.024856116622686386,16,0.06026861071586609,0.0037667881697416306,0.011060724034905434,2.9702537059783936,2.9938347339630127,0.02358088083565235,16,0.3701205253601074,0.023132532835006714,0.05846940353512764,2.9702537059783936,3.0217807292938232,0.05152685195207596,16,3.1933043003082275,0.19958151876926422,0.646728515625,2.9702537059783936,3.1760261058807373,0.20577242970466614,train
190,289.0,64.0,0.703125,3.6393024645405436,0.0,0.18853759765625,0.08795706927776337,0.0623631477355957,0.27201569080352783,0.9190718531608582,0.1728515625,0.99609375,0.05,0.18632888793945312,0.07093415409326553,0.0587388277053833,0.2692725360393524,0.9207494854927063,0.146026611328125,1.0,0.042708333333333334,2.381292191762773,10.818873895091262,16,0.06095775589346886,0.0038098597433418036,0.0074643827974796295,2.6200954914093018,2.6475882530212402,0.027492769062519073,16,0.08337666094303131,0.005211041308939457,0.012829018756747246,2.6200954914093018,2.611447811126709,-0.00864768773317337,16,0.6732935905456543,0.042080849409103394,0.11808614432811737,2.6200954914093018,2.7493748664855957,0.12927941977977753,16,2.306868314743042,0.14417926967144012,0.2592904567718506,2.6200954914093018,2.755523920059204,0.13542822003364563,train
191,246.0,64.0,0.75,3.7714307318000935,0.0,0.2254962921142578,0.1065140962600708,0.09523439407348633,0.24628043174743652,0.8900411128997803,0.1796875,0.986328125,0.025,0.21040868759155273,0.09019583463668823,0.08098351955413818,0.25413623452186584,0.9030662775039673,0.13409423828125,1.0,0.028125,2.5166773720393105,12.387369589833396,16,0.07139375060796738,0.004462109412997961,0.012952977791428566,2.6274211406707764,2.617929697036743,-0.009491480886936188,16,0.07751081883907318,0.004844426177442074,0.014213306829333305,2.6274211406707764,2.615186929702759,-0.012234268710017204,16,0.2699275612831116,0.016870472580194473,0.03927413001656532,2.6274211406707764,2.595181703567505,-0.03223968297243118,16,2.159911870956421,0.1349944919347763,0.30225223302841187,2.6274211406707764,2.7126307487487793,0.08520950376987457,train
192,258.0,64.0,0.734375,3.7579456346549174,0.0,0.2038593292236328,0.09811951220035553,0.07444620132446289,0.2569371461868286,0.9040771722793579,0.1611328125,0.96875,0.025,0.19544506072998047,0.07901828736066818,0.06783425807952881,0.26523110270500183,0.9150351285934448,0.116546630859375,1.0,0.016666666666666666,2.884739709278894,17.898908069442275,16,0.04661642387509346,0.0029135264921933413,0.007454471662640572,1.8162353038787842,1.8187999725341797,0.002564717084169388,16,0.051707059144973755,0.0032316911965608597,0.007959844544529915,1.8162353038787842,1.7955732345581055,-0.020662028342485428,16,0.30726853013038635,0.019204283133149147,0.043512750416994095,1.8162353038787842,1.7767571210861206,-0.03947828710079193,16,1.3938868045806885,0.08711792528629303,0.16985423862934113,1.8162353038787842,1.7846450805664062,-0.03159022331237793,train
193,284.0,64.0,0.78125,3.8229281828294113,0.0,0.20368576049804688,0.09855663776397705,0.07797479629516602,0.2690296173095703,0.9100958108901978,0.18115234375,0.98046875,0.016666666666666666,0.20062780380249023,0.08536192029714584,0.07268989086151123,0.2612461447715759,0.9107425808906555,0.104766845703125,1.0,0.020833333333333332,2.296268765888517,9.937035789554082,16,0.044802673161029816,0.0028001670725643635,0.005942358635365963,1.518054723739624,1.5266765356063843,0.008621788583695889,16,0.052247948944568634,0.0032654968090355396,0.006452915258705616,1.518054723739624,1.5063109397888184,-0.011743899434804916,16,0.31627827882766724,0.019767392426729202,0.05492899566888809,1.518054723739624,1.5129042863845825,-0.0051504457369446754,16,1.8121720552444458,0.11326075345277786,0.4362838864326477,1.518054723739624,1.5969284772872925,0.07887376844882965,train
194,258.0,64.0,0.671875,3.6332898832037834,0.0,0.2123699188232422,0.10472778975963593,0.08139848709106445,0.250604510307312,0.8966608047485352,0.15673828125,0.970703125,0.008333333333333333,0.19779157638549805,0.08164996653795242,0.0687786340713501,0.25878965854644775,0.9108648300170898,0.0989990234375,1.0,0.027083333333333334,2.335332234700521,10.332892304541206,16,0.0787997841835022,0.004924986511468887,0.014067742973566055,1.9026769399642944,1.9613144397735596,0.05863744020462036,16,0.24491249024868011,0.015307030640542507,0.0496663972735405,1.9026769399642944,1.9022741317749023,-0.0004027332179248333,16,0.7047519683837891,0.044046998023986816,0.12643438577651978,1.9026769399642944,1.9490430355072021,0.04636625573039055,16,4.258249759674072,0.2661406099796295,1.0382215976715088,1.9026769399642944,2.0891780853271484,0.18650120496749878,train
195,284.0,64.0,0.71875,3.7391511926098837,0.0,0.19250869750976562,0.1004122719168663,0.0678715705871582,0.27274787425994873,0.9147560596466064,0.1552734375,0.986328125,0.03333333333333333,0.20155620574951172,0.08339617401361465,0.07236015796661377,0.2583354413509369,0.9096583127975464,0.1260986328125,1.0,0.023958333333333335,2.6235438755580356,13.784487635991235,16,0.05125841498374939,0.003203650936484337,0.006675690412521362,2.8598694801330566,2.8931775093078613,0.03330821171402931,16,0.05542988330125809,0.0034643677063286304,0.006599924061447382,2.8598694801330566,2.8808705806732178,0.021001223474740982,16,0.46484100818634033,0.02905256301164627,0.06322868913412094,2.8598694801330566,2.94377064704895,0.08390125632286072,16,1.8825591802597046,0.11765994876623154,0.24553872644901276,2.8598694801330566,2.89636492729187,0.03649544715881348,train
196,296.0,64.0,0.578125,3.4372606532235177,0.0,0.21335411071777344,0.09634827822446823,0.08531618118286133,0.25512802600860596,0.9020826816558838,0.20947265625,0.978515625,0.05,0.20296382904052734,0.08103709667921066,0.07412421703338623,0.2600657641887665,0.9103298187255859,0.147216796875,1.0,0.030208333333333334,2.7616988893539185,15.826707947107513,16,0.06335340440273285,0.003959587775170803,0.010965975001454353,1.132566213607788,1.1474260091781616,0.014859785325825214,16,0.07782913744449615,0.00486432109028101,0.01135144755244255,1.132566213607788,1.1440036296844482,0.011437498033046722,16,0.5743329524993896,0.03589580953121185,0.10172867774963379,1.132566213607788,1.096289038658142,-0.03627721965312958,16,3.1846086978912354,0.1990380436182022,0.4551527500152588,1.132566213607788,1.3356527090072632,0.20308637619018555,train
197,264.0,64.0,0.78125,3.8311039350757325,0.0,0.18165016174316406,0.09424886107444763,0.06456422805786133,0.29095470905303955,0.9285098314285278,0.1435546875,0.98046875,0.029166666666666667,0.20200538635253906,0.08083093911409378,0.0736316442489624,0.2597205936908722,0.9106574058532715,0.13262939453125,1.0,0.026041666666666668,3.0301726810515874,20.70080691787851,16,0.05540008097887039,0.0034625050611793995,0.006926985457539558,2.681612014770508,2.6830196380615234,0.001407550647854805,16,0.041301190853118896,0.002581324428319931,0.004933930933475494,2.681612014770508,2.7089831829071045,0.027371006086468697,16,0.348094642162323,0.021755915135145187,0.0553763210773468,2.681612014770508,2.821895122528076,0.1402830183506012,16,1.6018627882003784,0.10011642426252365,0.22359038889408112,2.681612014770508,3.0571553707122803,0.3755432069301605,train
198,252.0,64.0,0.765625,3.812309493030699,0.0,0.21343994140625,0.10553567111492157,0.08519411087036133,0.2523723840713501,0.8995329141616821,0.1787109375,0.9921875,0.0125,0.21796464920043945,0.093612439930439,0.08661186695098877,0.24972790479660034,0.8982399702072144,0.133697509765625,1.0,0.015625,2.3462393624441966,10.446211350102772,16,0.15035071969032288,0.00939691998064518,0.03150203078985214,2.429569959640503,2.3518073558807373,-0.07776260375976562,16,0.1627618670463562,0.010172616690397263,0.035263027995824814,2.429569959640503,2.391409158706665,-0.038160815834999084,16,1.4135242700576782,0.08834526687860489,0.40836188197135925,2.429569959640503,2.4640800952911377,0.034510333091020584,16,6.302440643310547,0.3939025402069092,1.5981080532073975,2.429569959640503,2.9170444011688232,0.48747456073760986,train
199,269.0,64.0,0.671875,3.5970623512113273,0.0,0.18625259399414062,0.0868239551782608,0.06547975540161133,0.2790871858596802,0.9235204458236694,0.171875,0.990234375,0.058333333333333334,0.19529247283935547,0.07267405837774277,0.06668627262115479,0.25887274742126465,0.9144707918167114,0.140716552734375,1.0,0.030208333333333334,3.1190573071676586,22.62504112282263,16,0.03846317529678345,0.0024039484560489655,0.007295164279639721,1.2575312852859497,1.2380908727645874,-0.01944052055478096,16,0.03002838045358658,0.0018767737783491611,0.005351876839995384,1.2575312852859497,1.237295150756836,-0.020236121490597725,16,0.2296120822429657,0.014350755140185356,0.04002542793750763,1.2575312852859497,1.2283847332000732,-0.029146555811166763,16,1.7407963275909424,0.1087997704744339,0.2959885597229004,1.2575312852859497,1.1459518671035767,-0.11157942563295364,train
200,292.0,64.0,0.78125,3.8257945901758763,0.0,0.17543411254882812,0.08613432198762894,0.0568089485168457,0.2936328649520874,0.931748628616333,0.142578125,0.998046875,0.025,0.1769733428955078,0.0676741674542427,0.05432999134063721,0.28241798281669617,0.929896354675293,0.09259033203125,1.0,0.025,3.588962131076389,36.19648921351122,16,0.04497362673282623,0.0028108516708016396,0.006096687167882919,2.9175004959106445,2.9006245136260986,-0.016875894740223885,16,0.09165769070386887,0.005728605668991804,0.019922664389014244,2.9175004959106445,2.905827760696411,-0.01167290098965168,16,0.40518784523010254,0.02532424032688141,0.07121197134256363,2.9175004959106445,2.8567240238189697,-0.06077641621232033,16,1.6525256633758545,0.1032828539609909,0.20292574167251587,2.9175004959106445,2.9869894981384277,0.06948904693126678,train
201,195.0,64.0,0.84375,3.8950048977954475,0.0,0.1981983184814453,0.09070271998643875,0.07183504104614258,0.2632410526275635,0.9114868640899658,0.19287109375,0.982421875,0.020833333333333332,0.2124495506286621,0.09245698899030685,0.08318793773651123,0.2501382529735565,0.9008747339248657,0.200958251953125,0.998046875,0.020833333333333332,3.391993931361607,29.7251631545748,16,0.08366825431585312,0.00522926589474082,0.008914453908801079,2.3412656784057617,2.3345210552215576,-0.006744377315044403,16,0.1473250538110733,0.009207815863192081,0.021392088383436203,2.3412656784057617,2.2666265964508057,-0.07463869452476501,16,0.9979909658432007,0.06237443536520004,0.13809989392757416,2.3412656784057617,2.2978804111480713,-0.04338517785072327,16,4.967989921569824,0.310499370098114,0.6532274484634399,2.3412656784057617,2.5476207733154297,0.2063552737236023,train
202,237.0,64.0,0.734375,3.739151192608884,0.0,0.19970130920410156,0.1030106395483017,0.08064126968383789,0.2791935205459595,0.9166333675384521,0.23046875,0.94921875,0.03333333333333333,0.19775390625,0.0803103968501091,0.0717078447341919,0.26643890142440796,0.9154632091522217,0.114990234375,1.0,0.028125,3.1692994132874506,23.79081099048062,16,0.040278904139995575,0.0025174315087497234,0.006989611312747002,2.279813289642334,2.2704555988311768,-0.009357851929962635,16,0.06085323914885521,0.0038033274468034506,0.006490714848041534,2.279813289642334,2.2955009937286377,0.015687623992562294,16,0.324368417263031,0.020273026078939438,0.04412383958697319,2.279813289642334,2.3464555740356445,0.06664222478866577,16,1.5901554822921753,0.09938471764326096,0.21313180029392242,2.279813289642334,2.6444294452667236,0.36461642384529114,train
203,313.0,64.0,0.734375,3.7106759430696754,0.0,0.2183513641357422,0.09739699959754944,0.08830690383911133,0.2506871223449707,0.897496223449707,0.2509765625,0.9453125,0.016666666666666666,0.20811891555786133,0.07879918813705444,0.075600266456604,0.2464977204799652,0.9031221866607666,0.1580810546875,1.0,0.027083333333333334,3.443172878689236,31.28606775145995,16,0.07309316098690033,0.004568322561681271,0.01609928160905838,1.3371496200561523,1.320479154586792,-0.01667044311761856,16,0.031367380172014236,0.0019604612607508898,0.004661664366722107,1.3371496200561523,1.34904944896698,0.01189991645514965,16,0.30811750888824463,0.01925734430551529,0.04890342056751251,1.3371496200561523,1.3696503639221191,0.032500799745321274,16,1.309211254119873,0.08182570338249207,0.2571067810058594,1.3371496200561523,1.630247950553894,0.2930983901023865,train
204,258.0,64.0,0.640625,3.630846945652392,0.0,0.18770790100097656,0.08811357617378235,0.06765222549438477,0.27363622188568115,0.9218001365661621,0.1669921875,0.974609375,0.029166666666666667,0.18469476699829102,0.07335536181926727,0.06379377841949463,0.2791431248188019,0.9264935255050659,0.103668212890625,1.0,0.03125,3.133090064639137,22.94477093644364,16,0.0711812674999237,0.004448829218745232,0.011439076624810696,3.379382848739624,3.3530848026275635,-0.02629772573709488,16,0.08701063692569733,0.005438164807856083,0.013970836997032166,3.379382848739624,3.366025924682617,-0.013356884941458702,16,0.44225558638572693,0.027640974149107933,0.062192484736442566,3.379382848739624,3.3460915088653564,-0.03329123929142952,16,1.958013653755188,0.12237585335969925,0.24339547753334045,3.379382848739624,3.470792531967163,0.09140993654727936,train
205,265.0,64.0,0.671875,3.609186096257894,0.0,0.20900535583496094,0.10828855633735657,0.08323335647583008,0.2579275369644165,0.902221143245697,0.16455078125,0.982421875,0.029166666666666667,0.19249582290649414,0.08062773942947388,0.0672677755355835,0.26853910088539124,0.9180792570114136,0.134490966796875,0.998046875,0.021875,2.0187237451946927,7.528710246941487,16,0.055881474167108536,0.0034925921354442835,0.007627255283296108,1.8310186862945557,1.8037183284759521,-0.027300294488668442,16,0.06455822288990021,0.004034888930618763,0.012444976717233658,1.8310186862945557,1.8036394119262695,-0.02737916074693203,16,0.4386381208896637,0.02741488255560398,0.066536545753479,1.8310186862945557,1.8213355541229248,-0.009683070704340935,16,2.984269857406616,0.1865168660879135,0.4363827109336853,1.8310186862945557,1.7653987407684326,-0.06561996042728424,train
206,314.0,64.0,0.828125,3.855631191811696,0.0,0.23309707641601562,0.11257755011320114,0.10341691970825195,0.2434980869293213,0.8864381313323975,0.1962890625,0.966796875,0.04583333333333333,0.21268987655639648,0.08479265868663788,0.08105051517486572,0.24666091799736023,0.9011391401290894,0.161529541015625,1.0,0.034375,2.59350343734499,13.376553523743976,16,0.11994963139295578,0.007496851962059736,0.01888200081884861,3.7097320556640625,3.6907451152801514,-0.018986821174621582,16,0.15166042745113373,0.009478776715695858,0.02671702392399311,3.7097320556640625,3.761345863342285,0.05161385238170624,16,1.1284732818603516,0.07052958011627197,0.19295170903205872,3.7097320556640625,3.787100076675415,0.07736825197935104,16,9.660849571228027,0.6038030982017517,2.463040351867676,3.7097320556640625,4.20238733291626,0.4926556348800659,train
207,257.0,64.0,0.75,3.78247289139288,0.0,0.1987285614013672,0.09219886362552643,0.0718541145324707,0.2567335367202759,0.9079806208610535,0.185546875,0.974609375,0.0375,0.19485235214233398,0.07891098409891129,0.06859099864959717,0.2623398005962372,0.9146932363510132,0.10821533203125,1.0,0.03333333333333333,3.0951739114428323,22.09108009510359,16,0.046544499695301056,0.002909031230956316,0.007140497677028179,2.252359390258789,2.239797353744507,-0.012562062591314316,16,0.07968264073133469,0.004980165045708418,0.015612350776791573,2.252359390258789,2.218621253967285,-0.03373796120285988,16,0.3245777487754822,0.020286109298467636,0.04163919761776924,2.252359390258789,2.310361623764038,0.058002110570669174,16,1.9290565252304077,0.12056603282690048,0.30013078451156616,2.252359390258789,2.5716912746429443,0.3193318545818329,train
208,258.0,64.0,0.671875,3.6443320427965693,0.0,0.18729782104492188,0.08758387714624405,0.06808900833129883,0.2835298776626587,0.9251925945281982,0.1689453125,0.994140625,0.0125,0.19829654693603516,0.08288054168224335,0.07129204273223877,0.2668758034706116,0.9147499799728394,0.113494873046875,1.0,0.011458333333333333,2.0438658699156744,7.720397635625998,16,0.05302916467189789,0.003314322791993618,0.009215377271175385,3.256466865539551,3.2448644638061523,-0.011602552607655525,16,0.05793999880552292,0.0036212499253451824,0.00998093094676733,3.256466865539551,3.2675135135650635,0.011046506464481354,16,0.4321814775466919,0.027011342346668243,0.0686282366514206,3.256466865539551,3.277353525161743,0.020886491984128952,16,1.9564491510391235,0.12227807193994522,0.3287312984466553,3.256466865539551,3.466463327407837,0.20999634265899658,validation
209,282.0,64.0,0.765625,3.793091581191592,0.0,0.2047576904296875,0.0977879986166954,0.07745599746704102,0.2585641145706177,0.9059401750564575,0.18505859375,0.986328125,0.0375,0.19849252700805664,0.07921987026929855,0.06993305683135986,0.2588271498680115,0.9118402600288391,0.136688232421875,1.0,0.03125,3.73013426765563,41.68470469587943,16,0.035110391676425934,0.002194399479776621,0.005216182675212622,1.929495930671692,1.9489754438400269,0.019479572772979736,16,0.04586802423000336,0.00286675151437521,0.007654125802218914,1.929495930671692,1.9130306243896484,-0.016465328633785248,16,0.2417384684085846,0.015108654275536537,0.02919263392686844,1.929495930671692,1.902711033821106,-0.026784896850585938,16,1.2774440050125122,0.07984025031328201,0.2261524349451065,1.929495930671692,2.0173635482788086,0.0878676027059555,validation
210,253.0,64.0,0.703125,3.7174903432183855,0.0,0.19149017333984375,0.09501076489686966,0.07134103775024414,0.2837876081466675,0.9211276769638062,0.18896484375,0.96875,0.04583333333333333,0.20502424240112305,0.08773192018270493,0.07887613773345947,0.2627422511577606,0.9098494648933411,0.126983642578125,1.0,0.035416666666666666,2.704372345455109,14.944933490701557,16,0.025503549724817276,0.0015939718578010798,0.0037347027100622654,1.7583699226379395,1.7477753162384033,-0.010594751685857773,16,0.03253950923681259,0.002033719327300787,0.007720581255853176,1.7583699226379395,1.7764394283294678,0.0180694367736578,16,0.16202788054943085,0.010126742534339428,0.028539706021547318,1.7583699226379395,1.7615793943405151,0.0032094940543174744,16,0.849057137966156,0.05306607112288475,0.14981025457382202,1.7583699226379395,1.7235937118530273,-0.034776315093040466,validation
211,244.0,64.0,0.625,3.5281318102365864,0.0,0.20382308959960938,0.10047841817140579,0.07510042190551758,0.25534725189208984,0.9033807516098022,0.20263671875,0.98828125,0.029166666666666667,0.20076465606689453,0.08714845776557922,0.07132017612457275,0.2580101191997528,0.9084130525588989,0.1361083984375,1.0,0.015625,2.714669121636285,15.099613109969138,16,0.0386807918548584,0.00241754949092865,0.005547288805246353,2.3520076274871826,2.364118814468384,0.01211149338632822,16,0.060508497059345245,0.003781781066209078,0.012781087309122086,2.3520076274871826,2.3520429134368896,3.538653254508972e-05,16,0.3423844277858734,0.02139902673661709,0.05156324431300163,2.3520076274871826,2.4296391010284424,0.07763174176216125,16,2.5831563472747803,0.16144727170467377,0.47916701436042786,2.3520076274871826,2.64608097076416,0.2940733730792999,validation
212,267.0,64.0,0.8125,3.869116288958873,0.0,0.2278156280517578,0.10504201054573059,0.09778451919555664,0.24195849895477295,0.8898386359214783,0.21875,0.9609375,0.020833333333333332,0.22307062149047852,0.10164105147123337,0.09222519397735596,0.24665158987045288,0.8947181105613708,0.19183349609375,0.998046875,0.030208333333333334,2.8055933392237105,16.53688497821682,16,0.03142049163579941,0.001963780727237463,0.005221130326390266,0.8499802947044373,0.83669114112854,-0.013289202004671097,16,0.05944911390542984,0.003715569619089365,0.012225542217493057,0.8499802947044373,0.8068035840988159,-0.043176695704460144,16,0.2728879749774933,0.01705549843609333,0.04842664673924446,0.8499802947044373,0.8490545749664307,-0.000925709493458271,16,2.228794574737549,0.1392996609210968,0.4648786187171936,0.8499802947044373,0.9217557907104492,0.07177550345659256,validation
213,318.0,64.0,0.75,3.75155470430028,0.0,0.20888900756835938,0.09318004548549652,0.08130311965942383,0.25438976287841797,0.9045190811157227,0.216796875,0.98828125,0.025,0.19836664199829102,0.07756233960390091,0.06860983371734619,0.2537902593612671,0.9102845191955566,0.140594482421875,1.0,0.01875,3.27212887718564,26.367412618698243,16,0.05864269658923149,0.003665168536826968,0.006719775963574648,3.045238733291626,3.031538724899292,-0.013700146228075027,16,0.07393930852413177,0.004621206782758236,0.01033950224518776,3.045238733291626,3.0832295417785645,0.037990644574165344,16,0.45895907282829285,0.028684942051768303,0.07219864428043365,3.045238733291626,3.1359381675720215,0.09069949388504028,16,2.85951566696167,0.17871972918510437,0.47305357456207275,3.045238733291626,3.19184947013855,0.1466107964515686,validation
214,281.0,64.0,0.75,3.7568640492001357,0.0,0.19981002807617188,0.0952729731798172,0.07355928421020508,0.2706758975982666,0.9120815396308899,0.14990234375,0.98828125,0.025,0.21338748931884766,0.09385260194540024,0.08299124240875244,0.25467076897621155,0.9016733169555664,0.14373779296875,0.998046875,0.020833333333333332,1.964214143298921,7.12930777386752,16,0.05043433606624603,0.003152146004140377,0.00949440710246563,2.6406991481781006,2.641432762145996,0.0007334640249609947,16,0.05173681676387787,0.003233551047742367,0.009517285972833633,2.6406991481781006,2.6434478759765625,0.0027484968304634094,16,0.40027984976768494,0.02501749061048031,0.055504828691482544,2.6406991481781006,2.656588554382324,0.015889551490545273,16,2.105625867843628,0.13160161674022675,0.2721092402935028,2.6406991481781006,2.763727903366089,0.12302887439727783,validation
215,245.0,64.0,0.71875,3.7093145909710645,0.0,0.2009258270263672,0.09607892483472824,0.07667207717895508,0.2652057409286499,0.9122151136398315,0.201171875,0.953125,0.0375,0.21338558197021484,0.08832139521837234,0.08268415927886963,0.24940061569213867,0.9010328054428101,0.1456298828125,0.998046875,0.03125,2.8247532920231895,16.856785769541446,16,0.06092114746570587,0.003807571716606617,0.014292256906628609,3.443889856338501,3.4737954139709473,0.029905766248703003,16,0.07626973092556,0.0047668581828475,0.019715284928679466,3.443889856338501,3.486323356628418,0.0424334779381752,16,0.9416261911392212,0.058851636946201324,0.3500640094280243,3.443889856338501,3.479734420776367,0.03584440425038338,16,3.3910443782806396,0.21194027364253998,1.045588731765747,3.443889856338501,3.7034168243408203,0.25952696800231934,validation
216,291.0,64.0,0.75,3.743378952053958,0.0,0.18446731567382812,0.0930614098906517,0.06694650650024414,0.28643661737442017,0.925676703453064,0.1416015625,0.982421875,0.04583333333333333,0.1888432502746582,0.07668858021497726,0.06435906887054443,0.27038002014160156,0.9203840494155884,0.124237060546875,1.0,0.035416666666666666,2.8493293883308533,17.276192338793592,16,0.03356779366731644,0.0020979871042072773,0.004823565483093262,2.5812435150146484,2.602802038192749,0.021558716893196106,16,0.042295701801776886,0.0026434813626110554,0.009502364322543144,2.5812435150146484,2.6470651626586914,0.06582193821668625,16,0.3320225477218628,0.020751409232616425,0.06553515046834946,2.5812435150146484,2.650548219680786,0.06930457055568695,16,1.796802282333374,0.11230014264583588,0.3441184163093567,2.5812435150146484,2.73768949508667,0.15644624829292297,test
217,285.0,64.0,0.75,3.7568640492001357,0.0,0.19714927673339844,0.09130612015724182,0.0722508430480957,0.26959002017974854,0.9143393039703369,0.171875,0.9921875,0.03333333333333333,0.2089371681213379,0.08854100853204727,0.07920753955841064,0.25723376870155334,0.9056564569473267,0.154266357421875,1.0,0.030208333333333334,1.930238754030258,6.891155336296656,16,0.07676166296005249,0.004797603935003281,0.012519882060587406,2.0607786178588867,2.0699825286865234,0.009203974157571793,16,0.15931019186973572,0.009956886991858482,0.043817125260829926,2.0607786178588867,2.017739772796631,-0.04303887486457825,16,1.4984245300292969,0.09365153312683105,0.5128032565116882,2.0607786178588867,2.124464988708496,0.06368643045425415,16,6.425148963928223,0.4015718102455139,1.4257280826568604,2.0607786178588867,2.2895898818969727,0.22881142795085907,test
218,282.0,64.0,0.75,3.795957988539057,0.0,0.1955718994140625,0.09630731493234634,0.07552766799926758,0.2812286615371704,0.9185319542884827,0.1650390625,0.982421875,0.0375,0.20661497116088867,0.08698154985904694,0.077353835105896,0.2589437663555145,0.9074959754943848,0.13531494140625,1.0,0.027083333333333334,2.006905934167287,7.440261039377108,16,0.043632958084344864,0.002727059880271554,0.00995559711009264,2.075978994369507,2.0859012603759766,0.009922287426888943,16,0.04783967509865761,0.0029899796936661005,0.007245047017931938,2.075978994369507,2.069577932357788,-0.006400911137461662,16,0.3799859881401062,0.023749124258756638,0.07435142993927002,2.075978994369507,2.0481419563293457,-0.027837082743644714,16,2.3170366287231445,0.14481478929519653,0.2972346544265747,2.075978994369507,2.0630722045898438,-0.01290661096572876,test
219,282.0,64.0,0.71875,3.74446053750974,0.0,0.21267127990722656,0.10804297029972076,0.08634042739868164,0.264265775680542,0.9018489122390747,0.15771484375,0.9921875,0.03333333333333333,0.20362043380737305,0.07910401374101639,0.07453835010528564,0.25969648361206055,0.9099991321563721,0.136627197265625,1.0,0.029166666666666667,2.2123001340835815,9.136707895392382,16,0.04127823933959007,0.0025798899587243795,0.007115754298865795,1.813798427581787,1.807919979095459,-0.005878549534827471,16,0.059278011322021484,0.0037048757076263428,0.011308674700558186,1.813798427581787,1.8005069494247437,-0.013291624374687672,16,0.351621150970459,0.021976321935653687,0.06125424802303314,1.813798427581787,1.827937364578247,0.01413904968649149,16,2.3232762813568115,0.14520476758480072,0.5591679811477661,1.813798427581787,1.8496114015579224,0.035812858492136,test
220,217.0,64.0,0.59375,3.4195477966302654,0.0,0.19206619262695312,0.08948525041341782,0.06551218032836914,0.26959264278411865,0.9161824584007263,0.1865234375,0.970703125,0.004166666666666667,0.20254755020141602,0.08738525211811066,0.07530820369720459,0.2630438208580017,0.9110106825828552,0.134246826171875,1.0,0.01875,2.3368370419456843,10.348453020747451,16,0.045108869671821594,0.0028193043544888496,0.0074057625606656075,0.7364842295646667,0.7527680397033691,0.016283748671412468,16,0.034001145511865616,0.002125071594491601,0.006690759211778641,0.7364842295646667,0.7171269655227661,-0.01935720443725586,16,0.4638083279132843,0.02898802049458027,0.09609794616699219,0.7364842295646667,0.7871567606925964,0.0506725087761879,16,4.000648021697998,0.2500405013561249,1.0358459949493408,0.7364842295646667,1.132102370262146,0.3956180810928345,test
221,260.0,64.0,0.8125,3.8691162889588733,0.0,0.20627403259277344,0.096956267952919,0.0781865119934082,0.2509545087814331,0.9027038216590881,0.15283203125,0.978515625,0.029166666666666667,0.2104482650756836,0.08855220675468445,0.08032405376434326,0.2498774230480194,0.9017611742019653,0.12127685546875,0.99609375,0.026041666666666668,2.9078795417906744,18.317914982876648,16,0.05428321659564972,0.0033927010372281075,0.011594945564866066,1.8103258609771729,1.8512240648269653,0.04089818894863129,16,0.04418057203292847,0.002761285752058029,0.00788181647658348,1.8103258609771729,1.855448603630066,0.04512280225753784,16,0.2671619951725006,0.016697624698281288,0.04628080129623413,1.8103258609771729,1.8772958517074585,0.0669698566198349,16,1.5938067436218262,0.09961292147636414,0.28036871552467346,1.8103258609771729,1.9868520498275757,0.17652609944343567,test
222,247.0,64.0,0.703125,3.61449544115575,0.0,0.20934677124023438,0.10709692537784576,0.07997941970825195,0.2528766989707947,0.8986839652061462,0.15234375,0.9921875,0.016666666666666666,0.20012855529785156,0.08254767954349518,0.07076776027679443,0.25481194257736206,0.9084349870681763,0.11236572265625,1.0,0.020833333333333332,2.8654857817150297,17.557580284731582,16,0.03630086034536362,0.002268803771585226,0.004175791051238775,2.040696144104004,2.0619935989379883,0.021297572180628777,16,0.040844328701496124,0.0025527705438435078,0.006014437414705753,2.040696144104004,2.0451443195343018,0.004448101855814457,16,0.3705126643180847,0.023157041519880295,0.057140979915857315,2.040696144104004,2.021023988723755,-0.019672226160764694,16,2.957772731781006,0.18486079573631287,0.6425849199295044,2.040696144104004,2.282043218612671,0.24134698510169983,test
223,295.0,64.0,0.59375,3.498015441953938,0.0,0.18811988830566406,0.08717548102140427,0.06405878067016602,0.2712923288345337,0.9191303849220276,0.1962890625,0.970703125,0.020833333333333332,0.19476795196533203,0.07575105875730515,0.0674811601638794,0.26130470633506775,0.9150976538658142,0.15850830078125,1.0,0.030208333333333334,2.545113457573785,12.74467398382883,16,0.0343407578766346,0.0021462973672896624,0.006011250428855419,1.7879760265350342,1.8025583028793335,0.014582316391170025,16,0.033785026520490646,0.0021115641575306654,0.006788178812712431,1.7879760265350342,1.775138258934021,-0.012837779708206654,16,0.331715852022171,0.02073224075138569,0.07616432011127472,1.7879760265350342,1.7645676136016846,-0.023408526554703712,16,1.6781399250030518,0.10488374531269073,0.36425548791885376,1.7879760265350342,1.9397200345993042,0.1517440527677536,test
224,266.0,64.0,0.71875,3.660963313932042,0.031746031746031744,0.18179702758789062,0.09030427038669586,0.06337594985961914,0.2881157398223877,0.9268020391464233,0.1484375,0.9921875,0.020833333333333332,0.18407249450683594,0.07454685866832733,0.06057322025299072,0.27776241302490234,0.9246069192886353,0.11651611328125,1.0,0.023958333333333335,4.179916139632937,65.36037183940424,16,0.046515751630067825,0.002907234476879239,0.007913482375442982,1.8200914859771729,1.8050742149353027,-0.015017412602901459,16,0.03270310163497925,0.002043943852186203,0.004667278379201889,1.8200914859771729,1.8419997692108154,0.021908171474933624,16,0.3600843846797943,0.022505274042487144,0.05188252776861191,1.8200914859771729,1.850440263748169,0.030348680913448334,16,2.1191391944885254,0.13244619965553284,0.2878906726837158,1.8200914859771729,1.9498430490493774,0.12975138425827026,test
225,252.0,64.0,0.78125,3.7727623656167606,0.0,0.21941375732421875,0.1083710715174675,0.09007692337036133,0.24679017066955566,0.89352947473526,0.2216796875,0.95703125,0.0125,0.2175617218017578,0.08912012726068497,0.08538210391998291,0.24532169103622437,0.897543728351593,0.137786865234375,0.998046875,0.027083333333333334,2.445248074001736,11.5334103832485,16,0.03880005329847336,0.002425003331154585,0.004575576167553663,1.5016639232635498,1.4930164813995361,-0.008647758513689041,16,0.04303504526615143,0.0026896903291344643,0.005229246336966753,1.5016639232635498,1.490194320678711,-0.011469701305031776,16,0.30283600091934204,0.018927250057458878,0.051340311765670776,1.5016639232635498,1.4168486595153809,-0.0848153829574585,16,1.7144324779510498,0.10715202987194061,0.2459569275379181,1.5016639232635498,1.4983220100402832,-0.003341998904943466,test
226,277.0,64.0,0.734375,3.7362847852624186,0.0,0.2236652374267578,0.10658243298530579,0.09360170364379883,0.24782979488372803,0.8931716084480286,0.228515625,0.947265625,0.020833333333333332,0.21705102920532227,0.08919957280158997,0.08410394191741943,0.2466120719909668,0.8983679413795471,0.1705322265625,1.0,0.017708333333333333,2.1628335619729664,8.695742707898066,16,0.04468530789017677,0.0027928317431360483,0.007314917631447315,1.292411208152771,1.2920761108398438,-0.00033520162105560303,16,0.05024142935872078,0.0031400893349200487,0.008430256508290768,1.292411208152771,1.2747399806976318,-0.017671208828687668,16,0.48417672514915466,0.030261045321822166,0.09558878093957901,1.292411208152771,1.223710060119629,-0.06870102882385254,16,2.5886452198028564,0.16179032623767853,0.501487135887146,1.292411208152771,1.215976357460022,-0.0764349102973938,test
227,274.0,64.0,0.71875,3.7146239358709203,0.0,0.21114540100097656,0.09714007377624512,0.08386468887329102,0.2515345811843872,0.9022467136383057,0.177734375,0.978515625,0.029166666666666667,0.2069716453552246,0.08462133258581161,0.07980406284332275,0.25610414147377014,0.9080238342285156,0.149749755859375,1.0,0.028125,2.8079606313554066,16.576078989441868,16,0.034674108028411865,0.0021671317517757416,0.006223705597221851,1.7201206684112549,1.7408545017242432,0.020733874291181564,16,0.05650937929749489,0.0035318362060934305,0.012808945029973984,1.7201206684112549,1.728689193725586,0.00856863334774971,16,0.33173826336860657,0.02073364146053791,0.07044650614261627,1.7201206684112549,1.7781493663787842,0.058028705418109894,16,2.2099452018737793,0.1381215751171112,0.5867929458618164,1.7201206684112549,1.8980381488800049,0.17791742086410522,test
228,218.0,64.0,0.65625,3.6010103440125727,0.0,0.2062702178955078,0.10569313168525696,0.08008718490600586,0.2588968276977539,0.9041167497634888,0.18115234375,0.962890625,0.025,0.19403457641601562,0.08305232226848602,0.07003724575042725,0.2707093358039856,0.9174599647521973,0.113372802734375,1.0,0.023958333333333335,3.1813252766927085,24.078643280771967,16,0.0501297190785408,0.0031331074424088,0.006645084824413061,1.3209694623947144,1.2965272665023804,-0.02444222941994667,16,0.08009617775678635,0.005006011109799147,0.012967420741915703,1.3209694623947144,1.3057557344436646,-0.015213824808597565,16,0.42061087489128113,0.02628817968070507,0.06644697487354279,1.3209694623947144,1.313294529914856,-0.007674880791455507,16,2.714029550552368,0.169626846909523,0.40976911783218384,1.3209694623947144,1.358747124671936,0.03777766600251198,test
229,237.0,64.0,0.703125,3.6659928921870675,0.0,0.21304893493652344,0.10299406200647354,0.08417272567749023,0.24743413925170898,0.8973939418792725,0.22265625,0.958984375,0.025,0.2083110809326172,0.08474330604076385,0.0766979455947876,0.24817582964897156,0.9024741649627686,0.13739013671875,1.0,0.023958333333333335,2.591834416465154,13.354246397320768,16,0.0593198798596859,0.0037074924912303686,0.012243194505572319,2.5234274864196777,2.5569334030151367,0.03350583091378212,16,0.04185239225625992,0.002615774516016245,0.007123003713786602,2.5234274864196777,2.5027337074279785,-0.0206938274204731,16,0.2907308042049408,0.0181706752628088,0.04844885692000389,2.5234274864196777,2.6128833293914795,0.08945600688457489,16,1.4609822034835815,0.09131138771772385,0.2621234655380249,2.5234274864196777,2.6821811199188232,0.15875343978405,test
230,297.0,64.0,0.78125,3.8229281828294113,0.0,0.23627090454101562,0.11349193006753922,0.10799455642700195,0.24427223205566406,0.8837300539016724,0.17529296875,0.970703125,0.025,0.22079086303710938,0.09420869499444962,0.08811032772064209,0.24745941162109375,0.8952927589416504,0.167510986328125,1.0,0.022916666666666665,2.8502100384424605,17.291413320700894,16,0.04814984276890755,0.0030093651730567217,0.008144906722009182,0.9728001952171326,0.9953145980834961,0.022514618933200836,16,0.06590058654546738,0.004118786659091711,0.009141805581748486,0.9728001952171326,1.009839653968811,0.03703957796096802,16,0.6114059686660767,0.03821287304162979,0.1338472068309784,0.9728001952171326,1.016899824142456,0.044099751859903336,16,2.878561019897461,0.1799100637435913,0.5528689622879028,0.9728001952171326,1.1934956312179565,0.22069549560546875,test
231,241.0,64.0,0.78125,3.8339703424221976,0.0,0.19177818298339844,0.09212244302034378,0.0728764533996582,0.28455257415771484,0.922946572303772,0.1611328125,0.99609375,0.04583333333333333,0.18208932876586914,0.07504390925168991,0.06109941005706787,0.2844527065753937,0.9282643795013428,0.085113525390625,1.0,0.030208333333333334,3.240698678152902,25.551567834508315,16,0.06295735388994217,0.003934834618121386,0.008722152560949326,2.6424500942230225,2.6414222717285156,-0.0010278504341840744,16,0.056606560945510864,0.003537910059094429,0.006402084603905678,2.6424500942230225,2.653080940246582,0.010630820877850056,16,0.3974490463733673,0.024840565398335457,0.06328369677066803,2.6424500942230225,2.7153518199920654,0.07290199398994446,16,1.9281024932861328,0.1205064058303833,0.20460453629493713,2.6424500942230225,2.740417003631592,0.09796708822250366,test
