phase,batch_size,module_name,samples,latency_median_ms,latency_p95_ms,layer_index,share_of_sum_of_layer_medians
decode,1,model.layers.0.block_sparse_moe,48,2.53734397888,2.61374231577,0,0.0643187806131
decode,1,model.layers.1.block_sparse_moe,48,2.48273599148,2.53613923788,1,0.062934530314
decode,1,model.layers.2.block_sparse_moe,48,2.46960008144,2.55370248556,2,0.0626015499524
decode,1,model.layers.3.block_sparse_moe,48,2.45833599567,2.53228629827,3,0.0623160182044
decode,1,model.layers.4.block_sparse_moe,48,2.46492791176,2.51918568611,4,0.062483115771
decode,1,model.layers.5.block_sparse_moe,48,2.45788800716,2.52970083952,5,0.0623046622058
decode,1,model.layers.6.block_sparse_moe,48,2.46219193935,2.53949757814,6,0.062413761986
decode,1,model.layers.7.block_sparse_moe,48,2.45296001434,2.53130245209,7,0.0621797431993
decode,1,model.layers.8.block_sparse_moe,48,2.46297597885,2.53865751028,8,0.0624336364945
decode,1,model.layers.9.block_sparse_moe,48,2.45916807652,2.5275344491,9,0.0623371105063
decode,1,model.layers.10.block_sparse_moe,48,2.46115195751,2.54118869305,10,0.0623873996305
decode,1,model.layers.11.block_sparse_moe,48,2.46119999886,2.51088163853,11,0.0623886174239
decode,1,model.layers.12.block_sparse_moe,48,2.44791996479,2.52367523909,12,0.0620519836822
decode,1,model.layers.13.block_sparse_moe,48,2.46403193474,2.52945766449,13,0.0624604037738
decode,1,model.layers.14.block_sparse_moe,48,2.45299196243,2.50272969007,14,0.062180553047
decode,1,model.layers.15.block_sparse_moe,48,2.45407998562,2.52823518515,15,0.0622081331958
decode,4,model.layers.0.block_sparse_moe,48,4.34065580368,4.92582881451,0,0.0603719707097
decode,4,model.layers.1.block_sparse_moe,48,4.5926399231,4.8857104063,1,0.0638766894814
decode,4,model.layers.2.block_sparse_moe,48,4.49822402,4.8891824007,2,0.062563506775
decode,4,model.layers.3.block_sparse_moe,48,4.58702397346,4.89875531197,3,0.0637985800984
decode,4,model.layers.4.block_sparse_moe,48,4.64966392517,4.90527024269,4,0.0646698072818
decode,4,model.layers.5.block_sparse_moe,48,4.53411197662,5.07500474453,5,0.0630626540845
decode,4,model.layers.6.block_sparse_moe,48,4.54420804977,5.00777759552,6,0.0632030752236
decode,4,model.layers.7.block_sparse_moe,48,4.56025600433,5.03452959061,7,0.0634262780497
decode,4,model.layers.8.block_sparse_moe,48,4.43427205086,4.95119345188,8,0.0616740314093
decode,4,model.layers.9.block_sparse_moe,48,4.43363189697,4.90152311325,9,0.061665127835
decode,4,model.layers.10.block_sparse_moe,48,4.48343992233,4.86064620018,10,0.0623578822906
decode,4,model.layers.11.block_sparse_moe,48,4.39081597328,4.97584011555,11,0.0610696229602
decode,4,model.layers.12.block_sparse_moe,48,4.52681589127,5.04982392788,12,0.0629611765494
decode,4,model.layers.13.block_sparse_moe,48,4.59932804108,4.89909591675,13,0.0639697111079
decode,4,model.layers.14.block_sparse_moe,48,4.42203211784,4.90270552635,14,0.0615037924153
decode,4,model.layers.15.block_sparse_moe,48,4.30140805244,4.91853764057,15,0.0598260937282
decode,8,model.layers.0.block_sparse_moe,48,4.98396801949,5.36833274364,0,0.0631054441713
decode,8,model.layers.1.block_sparse_moe,48,5.04027199745,5.3124863863,1,0.0638183475295
decode,8,model.layers.2.block_sparse_moe,48,4.92740797997,5.23532333374,2,0.0623892986419
decode,8,model.layers.3.block_sparse_moe,48,5.04057598114,5.31490082741,3,0.0638221964759
decode,8,model.layers.4.block_sparse_moe,48,5.02374410629,5.17843186855,4,0.0636090765413
decode,8,model.layers.5.block_sparse_moe,48,4.98715209961,5.20335841179,5,0.0631457599979
decode,8,model.layers.6.block_sparse_moe,48,4.90372800827,5.1123008728,6,0.0620894702469
decode,8,model.layers.7.block_sparse_moe,48,4.97398400307,5.14811356068,7,0.0629790296783
decode,8,model.layers.8.block_sparse_moe,48,4.85502386093,5.14499037266,8,0.061472793567
decode,8,model.layers.9.block_sparse_moe,48,4.8758559227,5.16886088848,9,0.0617365626173
decode,8,model.layers.10.block_sparse_moe,48,4.88212800026,5.34436631203,10,0.0618159777015
decode,8,model.layers.11.block_sparse_moe,48,4.87102413177,5.12092812061,11,0.0616753839919
decode,8,model.layers.12.block_sparse_moe,48,4.89044809341,5.19766705036,12,0.0619213241187
decode,8,model.layers.13.block_sparse_moe,48,4.97303986549,5.21767821312,13,0.0629670753036
decode,8,model.layers.14.block_sparse_moe,48,4.93143987656,5.17113125324,14,0.0624403492554
decode,8,model.layers.15.block_sparse_moe,48,4.81862401962,5.11476314068,15,0.0610119101616
prefill,1,model.layers.0.block_sparse_moe,3,5.1993598938,5.35698237419,0,0.0637782477557
prefill,1,model.layers.1.block_sparse_moe,3,5.03721618652,5.23576316833,1,0.0617893026267
prefill,1,model.layers.2.block_sparse_moe,3,5.09353590012,5.23989739418,2,0.062480151639
prefill,1,model.layers.3.block_sparse_moe,3,5.11625623703,5.26639041901,3,0.062758851961
prefill,1,model.layers.4.block_sparse_moe,3,5.04992008209,5.14657273293,4,0.0619451356938
prefill,1,model.layers.5.block_sparse_moe,3,5.17471981049,5.32600626945,5,0.0634759987539
prefill,1,model.layers.6.block_sparse_moe,3,5.06515216827,5.09300165176,6,0.0621319809567
prefill,1,model.layers.7.block_sparse_moe,3,5.13471984863,5.18391027451,7,0.0629853369167
prefill,1,model.layers.8.block_sparse_moe,3,5.17171192169,5.19313912392,8,0.0634391023126
prefill,1,model.layers.9.block_sparse_moe,3,5.09151983261,5.20778565407,9,0.0624554214308
prefill,1,model.layers.10.block_sparse_moe,3,5.04876804352,5.13341126442,10,0.0619310041462
prefill,1,model.layers.11.block_sparse_moe,3,5.07439994812,5.08108143806,11,0.0622454193811
prefill,1,model.layers.12.block_sparse_moe,3,5.09500789642,5.12481603622,12,0.0624982079665
prefill,1,model.layers.13.block_sparse_moe,3,5.0528960228,5.08506579399,13,0.0619816402419
prefill,1,model.layers.14.block_sparse_moe,3,5.08748817444,5.14552001953,14,0.0624059668635
prefill,1,model.layers.15.block_sparse_moe,3,5.02979183197,5.08076796532,15,0.0616982313538
prefill,4,model.layers.0.block_sparse_moe,3,5.4757437706,5.53311343193,0,0.0648310157936
prefill,4,model.layers.1.block_sparse_moe,3,5.3514881134,5.38155503273,1,0.0633598694413
prefill,4,model.layers.2.block_sparse_moe,3,5.38572788239,5.46734728813,2,0.0637652571104
prefill,4,model.layers.3.block_sparse_moe,3,5.33951997757,5.41085772514,3,0.0632181706264
prefill,4,model.layers.4.block_sparse_moe,3,5.30038404465,5.34554257393,4,0.0627548139772
prefill,4,model.layers.5.block_sparse_moe,3,5.25718402863,5.41667847633,5,0.0622433399129
prefill,4,model.layers.6.block_sparse_moe,3,5.23241615295,5.33629746437,6,0.0619500963635
prefill,4,model.layers.7.block_sparse_moe,3,5.29856014252,5.31005115509,7,0.0627332195723
prefill,4,model.layers.8.block_sparse_moe,3,5.2135682106,5.35477428436,8,0.061726942889
prefill,4,model.layers.9.block_sparse_moe,3,5.29235219955,5.30087690353,9,0.0626597195575
prefill,4,model.layers.10.block_sparse_moe,3,5.17107200623,5.30749773979,10,0.0612238017245
prefill,4,model.layers.11.block_sparse_moe,3,5.26319980621,5.35605101585,11,0.0623145647525
prefill,4,model.layers.12.block_sparse_moe,3,5.19494390488,5.20200004578,12,0.0615064371989
prefill,4,model.layers.13.block_sparse_moe,3,5.24483203888,5.41031661034,13,0.0620970963932
prefill,4,model.layers.14.block_sparse_moe,3,5.24342393875,5.33662061691,14,0.0620804249481
prefill,4,model.layers.15.block_sparse_moe,3,5.19737577438,6.22697582245,15,0.0615352297387
prefill,8,model.layers.0.block_sparse_moe,3,5.41065597534,5.66680307388,0,0.0631578116562
prefill,8,model.layers.1.block_sparse_moe,3,5.37350416183,5.46655664444,1,0.0627241438623
prefill,8,model.layers.2.block_sparse_moe,3,5.36508798599,5.49252810478,2,0.0626259030481
prefill,8,model.layers.3.block_sparse_moe,3,5.31340789795,5.44758701324,3,0.062022648788
prefill,8,model.layers.4.block_sparse_moe,3,5.34710407257,5.42529582977,4,0.0624159794045
prefill,8,model.layers.5.block_sparse_moe,3,5.33235216141,5.43522582054,5,0.0622437824599
prefill,8,model.layers.6.block_sparse_moe,3,5.25935983658,5.30719671249,6,0.0613917535147
prefill,8,model.layers.7.block_sparse_moe,3,5.43033599854,5.60667858124,7,0.0633875337461
prefill,8,model.layers.8.block_sparse_moe,3,5.44979190826,5.66466860771,8,0.0636146397916
prefill,8,model.layers.9.block_sparse_moe,3,5.26319980621,5.41146245003,9,0.0614365769298
prefill,8,model.layers.10.block_sparse_moe,3,5.29942417145,5.42182388306,10,0.0618594187529
prefill,8,model.layers.11.block_sparse_moe,3,5.35468816757,5.37260146141,11,0.0625045074583
prefill,8,model.layers.12.block_sparse_moe,3,5.34819221497,5.37892174721,12,0.0624286811347
prefill,8,model.layers.13.block_sparse_moe,3,5.33187198639,5.41573758125,13,0.0622381774458
prefill,8,model.layers.14.block_sparse_moe,3,5.31670379639,5.54382081032,14,0.062061121338
prefill,8,model.layers.15.block_sparse_moe,3,5.47315216064,5.59154872894,15,0.0638873206693
