arm,phase,batch_size,prompt_len,repeat,seed,decode_step,module_name,tokens,top_k,num_experts,max_expert_load,mean_expert_load,max_to_mean,load_cv,active_expert_fraction,normalized_entropy
route_census_untimed,prefill,1,128,0,20270728,-1,model.layers.0.block_sparse_moe,128,16,32,127,64.0,1.984375,0.5262720584869385,0.96875,0.952781134057546
route_census_untimed,prefill,1,128,0,20270728,-1,model.layers.1.block_sparse_moe,128,16,32,126,64.0,1.96875,0.4143387973308563,1.0,0.9735062817616007
route_census_untimed,prefill,1,128,0,20270728,-1,model.layers.2.block_sparse_moe,128,16,32,124,64.0,1.9375,0.4676092863082886,1.0,0.9697752213407226
route_census_untimed,prefill,1,128,0,20270728,-1,model.layers.3.block_sparse_moe,128,16,32,122,64.0,1.90625,0.34851107001304626,1.0,0.9825934322748294
route_census_untimed,prefill,1,128,0,20270728,-1,model.layers.4.block_sparse_moe,128,16,32,122,64.0,1.90625,0.37129929661750793,1.0,0.9802920292340437
route_census_untimed,prefill,1,128,0,20270728,-1,model.layers.5.block_sparse_moe,128,16,32,122,64.0,1.90625,0.47121745347976685,1.0,0.9657367935262224
route_census_untimed,prefill,1,128,0,20270728,-1,model.layers.6.block_sparse_moe,128,16,32,115,64.0,1.796875,0.46747875213623047,1.0,0.9675222486144198
route_census_untimed,prefill,1,128,0,20270728,-1,model.layers.7.block_sparse_moe,128,16,32,121,64.0,1.890625,0.4393967092037201,1.0,0.9717010142720239
route_census_untimed,prefill,1,128,0,20270728,-1,model.layers.8.block_sparse_moe,128,16,32,127,64.0,1.984375,0.5015996098518372,1.0,0.9617023557092224
route_census_untimed,prefill,1,128,0,20270728,-1,model.layers.9.block_sparse_moe,128,16,32,128,64.0,2.0,0.4915049970149994,1.0,0.963789055608671
route_census_untimed,prefill,1,128,0,20270728,-1,model.layers.10.block_sparse_moe,128,16,32,128,64.0,2.0,0.4968006908893585,1.0,0.9651951169690649
route_census_untimed,prefill,1,128,0,20270728,-1,model.layers.11.block_sparse_moe,128,16,32,127,64.0,1.984375,0.561046838760376,1.0,0.9487573591648994
route_census_untimed,prefill,1,128,0,20270728,-1,model.layers.12.block_sparse_moe,128,16,32,124,64.0,1.9375,0.4911944270133972,1.0,0.9636476170766014
route_census_untimed,prefill,1,128,0,20270728,-1,model.layers.13.block_sparse_moe,128,16,32,114,64.0,1.78125,0.4801669418811798,1.0,0.9653179813748414
route_census_untimed,prefill,1,128,0,20270728,-1,model.layers.14.block_sparse_moe,128,16,32,124,64.0,1.9375,0.49727651476860046,1.0,0.9649435407473829
route_census_untimed,prefill,1,128,0,20270728,-1,model.layers.15.block_sparse_moe,128,16,32,126,64.0,1.96875,0.5636788010597229,1.0,0.9504235958795186
route_census_untimed,decode,1,128,0,20270728,0,model.layers.0.block_sparse_moe,1,16,32,1,0.5,2.0,1.0,0.5,0.8000000021982683
route_census_untimed,decode,1,128,0,20270728,0,model.layers.1.block_sparse_moe,1,16,32,1,0.5,2.0,1.0,0.5,0.8000000021982683
route_census_untimed,decode,1,128,0,20270728,0,model.layers.2.block_sparse_moe,1,16,32,1,0.5,2.0,1.0,0.5,0.8000000021982683
route_census_untimed,decode,1,128,0,20270728,0,model.layers.3.block_sparse_moe,1,16,32,1,0.5,2.0,1.0,0.5,0.8000000021982683
route_census_untimed,decode,1,128,0,20270728,0,model.layers.4.block_sparse_moe,1,16,32,1,0.5,2.0,1.0,0.5,0.8000000021982683
route_census_untimed,decode,1,128,0,20270728,0,model.layers.5.block_sparse_moe,1,16,32,1,0.5,2.0,1.0,0.5,0.8000000021982683
route_census_untimed,decode,1,128,0,20270728,0,model.layers.6.block_sparse_moe,1,16,32,1,0.5,2.0,1.0,0.5,0.8000000021982683
route_census_untimed,decode,1,128,0,20270728,0,model.layers.7.block_sparse_moe,1,16,32,1,0.5,2.0,1.0,0.5,0.8000000021982683
route_census_untimed,decode,1,128,0,20270728,0,model.layers.8.block_sparse_moe,1,16,32,1,0.5,2.0,1.0,0.5,0.8000000021982683
route_census_untimed,decode,1,128,0,20270728,0,model.layers.9.block_sparse_moe,1,16,32,1,0.5,2.0,1.0,0.5,0.8000000021982683
route_census_untimed,decode,1,128,0,20270728,0,model.layers.10.block_sparse_moe,1,16,32,1,0.5,2.0,1.0,0.5,0.8000000021982683
route_census_untimed,decode,1,128,0,20270728,0,model.layers.11.block_sparse_moe,1,16,32,1,0.5,2.0,1.0,0.5,0.8000000021982683
route_census_untimed,decode,1,128,0,20270728,0,model.layers.12.block_sparse_moe,1,16,32,1,0.5,2.0,1.0,0.5,0.8000000021982683
route_census_untimed,decode,1,128,0,20270728,0,model.layers.13.block_sparse_moe,1,16,32,1,0.5,2.0,1.0,0.5,0.8000000021982683
route_census_untimed,decode,1,128,0,20270728,0,model.layers.14.block_sparse_moe,1,16,32,1,0.5,2.0,1.0,0.5,0.8000000021982683
route_census_untimed,decode,1,128,0,20270728,0,model.layers.15.block_sparse_moe,1,16,32,1,0.5,2.0,1.0,0.5,0.8000000021982683
route_census_untimed,decode,1,128,0,20270728,1,model.layers.0.block_sparse_moe,1,16,32,1,0.5,2.0,1.0,0.5,0.8000000021982683
route_census_untimed,decode,1,128,0,20270728,1,model.layers.1.block_sparse_moe,1,16,32,1,0.5,2.0,1.0,0.5,0.8000000021982683
route_census_untimed,decode,1,128,0,20270728,1,model.layers.2.block_sparse_moe,1,16,32,1,0.5,2.0,1.0,0.5,0.8000000021982683
route_census_untimed,decode,1,128,0,20270728,1,model.layers.3.block_sparse_moe,1,16,32,1,0.5,2.0,1.0,0.5,0.8000000021982683
route_census_untimed,decode,1,128,0,20270728,1,model.layers.4.block_sparse_moe,1,16,32,1,0.5,2.0,1.0,0.5,0.8000000021982683
route_census_untimed,decode,1,128,0,20270728,1,model.layers.5.block_sparse_moe,1,16,32,1,0.5,2.0,1.0,0.5,0.8000000021982683
route_census_untimed,decode,1,128,0,20270728,1,model.layers.6.block_sparse_moe,1,16,32,1,0.5,2.0,1.0,0.5,0.8000000021982683
route_census_untimed,decode,1,128,0,20270728,1,model.layers.7.block_sparse_moe,1,16,32,1,0.5,2.0,1.0,0.5,0.8000000021982683
route_census_untimed,decode,1,128,0,20270728,1,model.layers.8.block_sparse_moe,1,16,32,1,0.5,2.0,1.0,0.5,0.8000000021982683
route_census_untimed,decode,1,128,0,20270728,1,model.layers.9.block_sparse_moe,1,16,32,1,0.5,2.0,1.0,0.5,0.8000000021982683
route_census_untimed,decode,1,128,0,20270728,1,model.layers.10.block_sparse_moe,1,16,32,1,0.5,2.0,1.0,0.5,0.8000000021982683
route_census_untimed,decode,1,128,0,20270728,1,model.layers.11.block_sparse_moe,1,16,32,1,0.5,2.0,1.0,0.5,0.8000000021982683
route_census_untimed,decode,1,128,0,20270728,1,model.layers.12.block_sparse_moe,1,16,32,1,0.5,2.0,1.0,0.5,0.8000000021982683
route_census_untimed,decode,1,128,0,20270728,1,model.layers.13.block_sparse_moe,1,16,32,1,0.5,2.0,1.0,0.5,0.8000000021982683
route_census_untimed,decode,1,128,0,20270728,1,model.layers.14.block_sparse_moe,1,16,32,1,0.5,2.0,1.0,0.5,0.8000000021982683
route_census_untimed,decode,1,128,0,20270728,1,model.layers.15.block_sparse_moe,1,16,32,1,0.5,2.0,1.0,0.5,0.8000000021982683
route_census_untimed,decode,1,128,0,20270728,2,model.layers.0.block_sparse_moe,1,16,32,1,0.5,2.0,1.0,0.5,0.8000000021982683
route_census_untimed,decode,1,128,0,20270728,2,model.layers.1.block_sparse_moe,1,16,32,1,0.5,2.0,1.0,0.5,0.8000000021982683
route_census_untimed,decode,1,128,0,20270728,2,model.layers.2.block_sparse_moe,1,16,32,1,0.5,2.0,1.0,0.5,0.8000000021982683
route_census_untimed,decode,1,128,0,20270728,2,model.layers.3.block_sparse_moe,1,16,32,1,0.5,2.0,1.0,0.5,0.8000000021982683
route_census_untimed,decode,1,128,0,20270728,2,model.layers.4.block_sparse_moe,1,16,32,1,0.5,2.0,1.0,0.5,0.8000000021982683
route_census_untimed,decode,1,128,0,20270728,2,model.layers.5.block_sparse_moe,1,16,32,1,0.5,2.0,1.0,0.5,0.8000000021982683
route_census_untimed,decode,1,128,0,20270728,2,model.layers.6.block_sparse_moe,1,16,32,1,0.5,2.0,1.0,0.5,0.8000000021982683
route_census_untimed,decode,1,128,0,20270728,2,model.layers.7.block_sparse_moe,1,16,32,1,0.5,2.0,1.0,0.5,0.8000000021982683
route_census_untimed,decode,1,128,0,20270728,2,model.layers.8.block_sparse_moe,1,16,32,1,0.5,2.0,1.0,0.5,0.8000000021982683
route_census_untimed,decode,1,128,0,20270728,2,model.layers.9.block_sparse_moe,1,16,32,1,0.5,2.0,1.0,0.5,0.8000000021982683
route_census_untimed,decode,1,128,0,20270728,2,model.layers.10.block_sparse_moe,1,16,32,1,0.5,2.0,1.0,0.5,0.8000000021982683
route_census_untimed,decode,1,128,0,20270728,2,model.layers.11.block_sparse_moe,1,16,32,1,0.5,2.0,1.0,0.5,0.8000000021982683
route_census_untimed,decode,1,128,0,20270728,2,model.layers.12.block_sparse_moe,1,16,32,1,0.5,2.0,1.0,0.5,0.8000000021982683
route_census_untimed,decode,1,128,0,20270728,2,model.layers.13.block_sparse_moe,1,16,32,1,0.5,2.0,1.0,0.5,0.8000000021982683
route_census_untimed,decode,1,128,0,20270728,2,model.layers.14.block_sparse_moe,1,16,32,1,0.5,2.0,1.0,0.5,0.8000000021982683
route_census_untimed,decode,1,128,0,20270728,2,model.layers.15.block_sparse_moe,1,16,32,1,0.5,2.0,1.0,0.5,0.8000000021982683
route_census_untimed,decode,1,128,0,20270728,3,model.layers.0.block_sparse_moe,1,16,32,1,0.5,2.0,1.0,0.5,0.8000000021982683
route_census_untimed,decode,1,128,0,20270728,3,model.layers.1.block_sparse_moe,1,16,32,1,0.5,2.0,1.0,0.5,0.8000000021982683
route_census_untimed,decode,1,128,0,20270728,3,model.layers.2.block_sparse_moe,1,16,32,1,0.5,2.0,1.0,0.5,0.8000000021982683
route_census_untimed,decode,1,128,0,20270728,3,model.layers.3.block_sparse_moe,1,16,32,1,0.5,2.0,1.0,0.5,0.8000000021982683
route_census_untimed,decode,1,128,0,20270728,3,model.layers.4.block_sparse_moe,1,16,32,1,0.5,2.0,1.0,0.5,0.8000000021982683
route_census_untimed,decode,1,128,0,20270728,3,model.layers.5.block_sparse_moe,1,16,32,1,0.5,2.0,1.0,0.5,0.8000000021982683
route_census_untimed,decode,1,128,0,20270728,3,model.layers.6.block_sparse_moe,1,16,32,1,0.5,2.0,1.0,0.5,0.8000000021982683
route_census_untimed,decode,1,128,0,20270728,3,model.layers.7.block_sparse_moe,1,16,32,1,0.5,2.0,1.0,0.5,0.8000000021982683
route_census_untimed,decode,1,128,0,20270728,3,model.layers.8.block_sparse_moe,1,16,32,1,0.5,2.0,1.0,0.5,0.8000000021982683
route_census_untimed,decode,1,128,0,20270728,3,model.layers.9.block_sparse_moe,1,16,32,1,0.5,2.0,1.0,0.5,0.8000000021982683
route_census_untimed,decode,1,128,0,20270728,3,model.layers.10.block_sparse_moe,1,16,32,1,0.5,2.0,1.0,0.5,0.8000000021982683
route_census_untimed,decode,1,128,0,20270728,3,model.layers.11.block_sparse_moe,1,16,32,1,0.5,2.0,1.0,0.5,0.8000000021982683
route_census_untimed,decode,1,128,0,20270728,3,model.layers.12.block_sparse_moe,1,16,32,1,0.5,2.0,1.0,0.5,0.8000000021982683
route_census_untimed,decode,1,128,0,20270728,3,model.layers.13.block_sparse_moe,1,16,32,1,0.5,2.0,1.0,0.5,0.8000000021982683
route_census_untimed,decode,1,128,0,20270728,3,model.layers.14.block_sparse_moe,1,16,32,1,0.5,2.0,1.0,0.5,0.8000000021982683
route_census_untimed,decode,1,128,0,20270728,3,model.layers.15.block_sparse_moe,1,16,32,1,0.5,2.0,1.0,0.5,0.8000000021982683
route_census_untimed,decode,1,128,0,20270728,4,model.layers.0.block_sparse_moe,1,16,32,1,0.5,2.0,1.0,0.5,0.8000000021982683
route_census_untimed,decode,1,128,0,20270728,4,model.layers.1.block_sparse_moe,1,16,32,1,0.5,2.0,1.0,0.5,0.8000000021982683
route_census_untimed,decode,1,128,0,20270728,4,model.layers.2.block_sparse_moe,1,16,32,1,0.5,2.0,1.0,0.5,0.8000000021982683
route_census_untimed,decode,1,128,0,20270728,4,model.layers.3.block_sparse_moe,1,16,32,1,0.5,2.0,1.0,0.5,0.8000000021982683
route_census_untimed,decode,1,128,0,20270728,4,model.layers.4.block_sparse_moe,1,16,32,1,0.5,2.0,1.0,0.5,0.8000000021982683
route_census_untimed,decode,1,128,0,20270728,4,model.layers.5.block_sparse_moe,1,16,32,1,0.5,2.0,1.0,0.5,0.8000000021982683
route_census_untimed,decode,1,128,0,20270728,4,model.layers.6.block_sparse_moe,1,16,32,1,0.5,2.0,1.0,0.5,0.8000000021982683
route_census_untimed,decode,1,128,0,20270728,4,model.layers.7.block_sparse_moe,1,16,32,1,0.5,2.0,1.0,0.5,0.8000000021982683
route_census_untimed,decode,1,128,0,20270728,4,model.layers.8.block_sparse_moe,1,16,32,1,0.5,2.0,1.0,0.5,0.8000000021982683
route_census_untimed,decode,1,128,0,20270728,4,model.layers.9.block_sparse_moe,1,16,32,1,0.5,2.0,1.0,0.5,0.8000000021982683
route_census_untimed,decode,1,128,0,20270728,4,model.layers.10.block_sparse_moe,1,16,32,1,0.5,2.0,1.0,0.5,0.8000000021982683
route_census_untimed,decode,1,128,0,20270728,4,model.layers.11.block_sparse_moe,1,16,32,1,0.5,2.0,1.0,0.5,0.8000000021982683
route_census_untimed,decode,1,128,0,20270728,4,model.layers.12.block_sparse_moe,1,16,32,1,0.5,2.0,1.0,0.5,0.8000000021982683
route_census_untimed,decode,1,128,0,20270728,4,model.layers.13.block_sparse_moe,1,16,32,1,0.5,2.0,1.0,0.5,0.8000000021982683
route_census_untimed,decode,1,128,0,20270728,4,model.layers.14.block_sparse_moe,1,16,32,1,0.5,2.0,1.0,0.5,0.8000000021982683
route_census_untimed,decode,1,128,0,20270728,4,model.layers.15.block_sparse_moe,1,16,32,1,0.5,2.0,1.0,0.5,0.8000000021982683
route_census_untimed,decode,1,128,0,20270728,5,model.layers.0.block_sparse_moe,1,16,32,1,0.5,2.0,1.0,0.5,0.8000000021982683
route_census_untimed,decode,1,128,0,20270728,5,model.layers.1.block_sparse_moe,1,16,32,1,0.5,2.0,1.0,0.5,0.8000000021982683
route_census_untimed,decode,1,128,0,20270728,5,model.layers.2.block_sparse_moe,1,16,32,1,0.5,2.0,1.0,0.5,0.8000000021982683
route_census_untimed,decode,1,128,0,20270728,5,model.layers.3.block_sparse_moe,1,16,32,1,0.5,2.0,1.0,0.5,0.8000000021982683
route_census_untimed,decode,1,128,0,20270728,5,model.layers.4.block_sparse_moe,1,16,32,1,0.5,2.0,1.0,0.5,0.8000000021982683
route_census_untimed,decode,1,128,0,20270728,5,model.layers.5.block_sparse_moe,1,16,32,1,0.5,2.0,1.0,0.5,0.8000000021982683
route_census_untimed,decode,1,128,0,20270728,5,model.layers.6.block_sparse_moe,1,16,32,1,0.5,2.0,1.0,0.5,0.8000000021982683
route_census_untimed,decode,1,128,0,20270728,5,model.layers.7.block_sparse_moe,1,16,32,1,0.5,2.0,1.0,0.5,0.8000000021982683
route_census_untimed,decode,1,128,0,20270728,5,model.layers.8.block_sparse_moe,1,16,32,1,0.5,2.0,1.0,0.5,0.8000000021982683
route_census_untimed,decode,1,128,0,20270728,5,model.layers.9.block_sparse_moe,1,16,32,1,0.5,2.0,1.0,0.5,0.8000000021982683
route_census_untimed,decode,1,128,0,20270728,5,model.layers.10.block_sparse_moe,1,16,32,1,0.5,2.0,1.0,0.5,0.8000000021982683
route_census_untimed,decode,1,128,0,20270728,5,model.layers.11.block_sparse_moe,1,16,32,1,0.5,2.0,1.0,0.5,0.8000000021982683
route_census_untimed,decode,1,128,0,20270728,5,model.layers.12.block_sparse_moe,1,16,32,1,0.5,2.0,1.0,0.5,0.8000000021982683
route_census_untimed,decode,1,128,0,20270728,5,model.layers.13.block_sparse_moe,1,16,32,1,0.5,2.0,1.0,0.5,0.8000000021982683
route_census_untimed,decode,1,128,0,20270728,5,model.layers.14.block_sparse_moe,1,16,32,1,0.5,2.0,1.0,0.5,0.8000000021982683
route_census_untimed,decode,1,128,0,20270728,5,model.layers.15.block_sparse_moe,1,16,32,1,0.5,2.0,1.0,0.5,0.8000000021982683
route_census_untimed,decode,1,128,0,20270728,6,model.layers.0.block_sparse_moe,1,16,32,1,0.5,2.0,1.0,0.5,0.8000000021982683
route_census_untimed,decode,1,128,0,20270728,6,model.layers.1.block_sparse_moe,1,16,32,1,0.5,2.0,1.0,0.5,0.8000000021982683
route_census_untimed,decode,1,128,0,20270728,6,model.layers.2.block_sparse_moe,1,16,32,1,0.5,2.0,1.0,0.5,0.8000000021982683
route_census_untimed,decode,1,128,0,20270728,6,model.layers.3.block_sparse_moe,1,16,32,1,0.5,2.0,1.0,0.5,0.8000000021982683
route_census_untimed,decode,1,128,0,20270728,6,model.layers.4.block_sparse_moe,1,16,32,1,0.5,2.0,1.0,0.5,0.8000000021982683
route_census_untimed,decode,1,128,0,20270728,6,model.layers.5.block_sparse_moe,1,16,32,1,0.5,2.0,1.0,0.5,0.8000000021982683
route_census_untimed,decode,1,128,0,20270728,6,model.layers.6.block_sparse_moe,1,16,32,1,0.5,2.0,1.0,0.5,0.8000000021982683
route_census_untimed,decode,1,128,0,20270728,6,model.layers.7.block_sparse_moe,1,16,32,1,0.5,2.0,1.0,0.5,0.8000000021982683
route_census_untimed,decode,1,128,0,20270728,6,model.layers.8.block_sparse_moe,1,16,32,1,0.5,2.0,1.0,0.5,0.8000000021982683
route_census_untimed,decode,1,128,0,20270728,6,model.layers.9.block_sparse_moe,1,16,32,1,0.5,2.0,1.0,0.5,0.8000000021982683
route_census_untimed,decode,1,128,0,20270728,6,model.layers.10.block_sparse_moe,1,16,32,1,0.5,2.0,1.0,0.5,0.8000000021982683
route_census_untimed,decode,1,128,0,20270728,6,model.layers.11.block_sparse_moe,1,16,32,1,0.5,2.0,1.0,0.5,0.8000000021982683
route_census_untimed,decode,1,128,0,20270728,6,model.layers.12.block_sparse_moe,1,16,32,1,0.5,2.0,1.0,0.5,0.8000000021982683
route_census_untimed,decode,1,128,0,20270728,6,model.layers.13.block_sparse_moe,1,16,32,1,0.5,2.0,1.0,0.5,0.8000000021982683
route_census_untimed,decode,1,128,0,20270728,6,model.layers.14.block_sparse_moe,1,16,32,1,0.5,2.0,1.0,0.5,0.8000000021982683
route_census_untimed,decode,1,128,0,20270728,6,model.layers.15.block_sparse_moe,1,16,32,1,0.5,2.0,1.0,0.5,0.8000000021982683
route_census_untimed,decode,1,128,0,20270728,7,model.layers.0.block_sparse_moe,1,16,32,1,0.5,2.0,1.0,0.5,0.8000000021982683
route_census_untimed,decode,1,128,0,20270728,7,model.layers.1.block_sparse_moe,1,16,32,1,0.5,2.0,1.0,0.5,0.8000000021982683
route_census_untimed,decode,1,128,0,20270728,7,model.layers.2.block_sparse_moe,1,16,32,1,0.5,2.0,1.0,0.5,0.8000000021982683
route_census_untimed,decode,1,128,0,20270728,7,model.layers.3.block_sparse_moe,1,16,32,1,0.5,2.0,1.0,0.5,0.8000000021982683
route_census_untimed,decode,1,128,0,20270728,7,model.layers.4.block_sparse_moe,1,16,32,1,0.5,2.0,1.0,0.5,0.8000000021982683
route_census_untimed,decode,1,128,0,20270728,7,model.layers.5.block_sparse_moe,1,16,32,1,0.5,2.0,1.0,0.5,0.8000000021982683
route_census_untimed,decode,1,128,0,20270728,7,model.layers.6.block_sparse_moe,1,16,32,1,0.5,2.0,1.0,0.5,0.8000000021982683
route_census_untimed,decode,1,128,0,20270728,7,model.layers.7.block_sparse_moe,1,16,32,1,0.5,2.0,1.0,0.5,0.8000000021982683
route_census_untimed,decode,1,128,0,20270728,7,model.layers.8.block_sparse_moe,1,16,32,1,0.5,2.0,1.0,0.5,0.8000000021982683
route_census_untimed,decode,1,128,0,20270728,7,model.layers.9.block_sparse_moe,1,16,32,1,0.5,2.0,1.0,0.5,0.8000000021982683
route_census_untimed,decode,1,128,0,20270728,7,model.layers.10.block_sparse_moe,1,16,32,1,0.5,2.0,1.0,0.5,0.8000000021982683
route_census_untimed,decode,1,128,0,20270728,7,model.layers.11.block_sparse_moe,1,16,32,1,0.5,2.0,1.0,0.5,0.8000000021982683
route_census_untimed,decode,1,128,0,20270728,7,model.layers.12.block_sparse_moe,1,16,32,1,0.5,2.0,1.0,0.5,0.8000000021982683
route_census_untimed,decode,1,128,0,20270728,7,model.layers.13.block_sparse_moe,1,16,32,1,0.5,2.0,1.0,0.5,0.8000000021982683
route_census_untimed,decode,1,128,0,20270728,7,model.layers.14.block_sparse_moe,1,16,32,1,0.5,2.0,1.0,0.5,0.8000000021982683
route_census_untimed,decode,1,128,0,20270728,7,model.layers.15.block_sparse_moe,1,16,32,1,0.5,2.0,1.0,0.5,0.8000000021982683
route_census_untimed,prefill,4,128,0,20300728,-1,model.layers.0.block_sparse_moe,512,16,32,483,256.0,1.88671875,0.4522222578525543,1.0,0.9678799725282144
route_census_untimed,prefill,4,128,0,20300728,-1,model.layers.1.block_sparse_moe,512,16,32,496,256.0,1.9375,0.367236852645874,1.0,0.980576144573269
route_census_untimed,prefill,4,128,0,20300728,-1,model.layers.2.block_sparse_moe,512,16,32,488,256.0,1.90625,0.41858547925949097,1.0,0.9764352150988547
route_census_untimed,prefill,4,128,0,20300728,-1,model.layers.3.block_sparse_moe,512,16,32,435,256.0,1.69921875,0.32190290093421936,1.0,0.9851173120727713
route_census_untimed,prefill,4,128,0,20300728,-1,model.layers.4.block_sparse_moe,512,16,32,486,256.0,1.8984375,0.2745738923549652,1.0,0.9896000742640406
route_census_untimed,prefill,4,128,0,20300728,-1,model.layers.5.block_sparse_moe,512,16,32,433,256.0,1.69140625,0.37382960319519043,1.0,0.9789394888745981
route_census_untimed,prefill,4,128,0,20300728,-1,model.layers.6.block_sparse_moe,512,16,32,441,256.0,1.72265625,0.40158811211586,1.0,0.9760545143029048
route_census_untimed,prefill,4,128,0,20300728,-1,model.layers.7.block_sparse_moe,512,16,32,427,256.0,1.66796875,0.34591272473335266,1.0,0.9822589604154315
route_census_untimed,prefill,4,128,0,20300728,-1,model.layers.8.block_sparse_moe,512,16,32,471,256.0,1.83984375,0.42212584614753723,1.0,0.9742914169593195
route_census_untimed,prefill,4,128,0,20300728,-1,model.layers.9.block_sparse_moe,512,16,32,494,256.0,1.9296875,0.40067753195762634,1.0,0.9757440512215672
route_census_untimed,prefill,4,128,0,20300728,-1,model.layers.10.block_sparse_moe,512,16,32,504,256.0,1.96875,0.4167439639568329,1.0,0.9754525062318246
route_census_untimed,prefill,4,128,0,20300728,-1,model.layers.11.block_sparse_moe,512,16,32,486,256.0,1.8984375,0.4237336218357086,1.0,0.973414855784402
route_census_untimed,prefill,4,128,0,20300728,-1,model.layers.12.block_sparse_moe,512,16,32,420,256.0,1.640625,0.3676508069038391,1.0,0.9786767681771401
route_census_untimed,prefill,4,128,0,20300728,-1,model.layers.13.block_sparse_moe,512,16,32,438,256.0,1.7109375,0.3619847297668457,1.0,0.9806211352347347
route_census_untimed,prefill,4,128,0,20300728,-1,model.layers.14.block_sparse_moe,512,16,32,466,256.0,1.8203125,0.4005620777606964,1.0,0.9763994427074751
route_census_untimed,prefill,4,128,0,20300728,-1,model.layers.15.block_sparse_moe,512,16,32,490,256.0,1.9140625,0.44612982869148254,1.0,0.9701924512517157
route_census_untimed,decode,4,128,0,20300728,0,model.layers.0.block_sparse_moe,4,16,32,4,2.0,2.0,0.6495190262794495,0.8125,0.9162688045210097
route_census_untimed,decode,4,128,0,20300728,0,model.layers.1.block_sparse_moe,4,16,32,4,2.0,2.0,0.5153881907463074,0.9375,0.9537687960249209
route_census_untimed,decode,4,128,0,20300728,0,model.layers.2.block_sparse_moe,4,16,32,4,2.0,2.0,0.625,0.875,0.9295959465155498
route_census_untimed,decode,4,128,0,20300728,0,model.layers.3.block_sparse_moe,4,16,32,4,2.0,2.0,0.46770718693733215,0.96875,0.9647369551871664
route_census_untimed,decode,4,128,0,20300728,0,model.layers.4.block_sparse_moe,4,16,32,4,2.0,2.0,0.55901700258255,0.875,0.9397369379202054
route_census_untimed,decode,4,128,0,20300728,0,model.layers.5.block_sparse_moe,4,16,32,4,2.0,2.0,0.4841229319572449,0.96875,0.9632049337332805
route_census_untimed,decode,4,128,0,20300728,0,model.layers.6.block_sparse_moe,4,16,32,4,2.0,2.0,0.5,0.90625,0.9522369121571558
route_census_untimed,decode,4,128,0,20300728,0,model.layers.7.block_sparse_moe,4,16,32,4,2.0,2.0,0.5863019824028015,0.90625,0.939736869127145
route_census_untimed,decode,4,128,0,20300728,0,model.layers.8.block_sparse_moe,4,16,32,4,2.0,2.0,0.5448623895645142,0.90625,0.9459867874525599
route_census_untimed,decode,4,128,0,20300728,0,model.layers.9.block_sparse_moe,4,16,32,4,2.0,2.0,0.6495190262794495,0.875,0.9265320411938986
route_census_untimed,decode,4,128,0,20300728,0,model.layers.10.block_sparse_moe,4,16,32,4,2.0,2.0,0.5303300619125366,0.9375,0.9530638735355644
route_census_untimed,decode,4,128,0,20300728,0,model.layers.11.block_sparse_moe,4,16,32,4,2.0,2.0,0.6123724579811096,0.9375,0.9397368003340848
route_census_untimed,decode,4,128,0,20300728,0,model.layers.12.block_sparse_moe,4,16,32,4,2.0,2.0,0.5303300619125366,0.9375,0.9522369809502161
route_census_untimed,decode,4,128,0,20300728,0,model.layers.13.block_sparse_moe,4,16,32,4,2.0,2.0,0.5994789600372314,0.875,0.9334868132156096
route_census_untimed,decode,4,128,0,20300728,0,model.layers.14.block_sparse_moe,4,16,32,4,2.0,2.0,0.6495190262794495,0.8125,0.9154417743495407
route_census_untimed,decode,4,128,0,20300728,0,model.layers.15.block_sparse_moe,4,16,32,4,2.0,2.0,0.6373774409294128,0.84375,0.9225187916394848
route_census_untimed,decode,4,128,0,20300728,1,model.layers.0.block_sparse_moe,4,16,32,4,2.0,2.0,0.6373774409294128,0.8125,0.9178008259748955
route_census_untimed,decode,4,128,0,20300728,1,model.layers.1.block_sparse_moe,4,16,32,4,2.0,2.0,0.5728219747543335,0.90625,0.9420959207525
route_census_untimed,decode,4,128,0,20300728,1,model.layers.2.block_sparse_moe,4,16,32,4,2.0,2.0,0.6959705352783203,0.8125,0.9093139637062384
route_census_untimed,decode,4,128,0,20300728,1,model.layers.3.block_sparse_moe,4,16,32,4,2.0,2.0,0.673145592212677,0.84375,0.9170959034855392
route_census_untimed,decode,4,128,0,20300728,1,model.layers.4.block_sparse_moe,4,16,32,4,2.0,2.0,0.4841229319572449,0.9375,0.9584868304825706
route_census_untimed,decode,4,128,0,20300728,1,model.layers.5.block_sparse_moe,4,16,32,4,2.0,2.0,0.5303300619125366,0.90625,0.9483459078709753
route_census_untimed,decode,4,128,0,20300728,1,model.layers.6.block_sparse_moe,4,16,32,4,2.0,2.0,0.5153881907463074,0.96875,0.9584868304825706
route_census_untimed,decode,4,128,0,20300728,1,model.layers.7.block_sparse_moe,4,16,32,4,2.0,2.0,0.5303300619125366,0.9375,0.9522368433640954
route_census_untimed,decode,4,128,0,20300728,1,model.layers.8.block_sparse_moe,4,16,32,4,2.0,2.0,0.5863019824028015,0.875,0.9350188346694955
route_census_untimed,decode,4,128,0,20300728,1,model.layers.9.block_sparse_moe,4,16,32,4,2.0,2.0,0.55901700258255,0.9375,0.9475187401133854
route_census_untimed,decode,4,128,0,20300728,1,model.layers.10.block_sparse_moe,4,16,32,4,2.0,2.0,0.5863019824028015,0.84375,0.9303007314187856
route_census_untimed,decode,4,128,0,20300728,1,model.layers.11.block_sparse_moe,4,16,32,4,2.0,2.0,0.4841229319572449,0.96875,0.9632049337332805
route_census_untimed,decode,4,128,0,20300728,1,model.layers.12.block_sparse_moe,4,16,32,4,2.0,2.0,0.45069390535354614,0.96875,0.9670958692264007
route_census_untimed,decode,4,128,0,20300728,1,model.layers.13.block_sparse_moe,4,16,32,4,2.0,2.0,0.5303300619125366,0.875,0.9436278046202653
route_census_untimed,decode,4,128,0,20300728,1,model.layers.14.block_sparse_moe,4,16,32,4,2.0,2.0,0.5303300619125366,0.9375,0.9522369121571558
route_census_untimed,decode,4,128,0,20300728,1,model.layers.15.block_sparse_moe,4,16,32,4,2.0,2.0,0.5153881907463074,0.9375,0.9545958949894504
route_census_untimed,decode,4,128,0,20300728,2,model.layers.0.block_sparse_moe,4,16,32,4,2.0,2.0,0.625,0.84375,0.9248779120579002
route_census_untimed,decode,4,128,0,20300728,2,model.layers.1.block_sparse_moe,4,16,32,4,2.0,2.0,0.625,0.875,0.92876877875796
route_census_untimed,decode,4,128,0,20300728,2,model.layers.2.block_sparse_moe,4,16,32,4,2.0,2.0,0.5863019824028015,0.875,0.9350187658764352
route_census_untimed,decode,4,128,0,20300728,2,model.layers.3.block_sparse_moe,4,16,32,4,2.0,2.0,0.55901700258255,0.90625,0.9436278046202653
route_census_untimed,decode,4,128,0,20300728,2,model.layers.4.block_sparse_moe,4,16,32,4,2.0,2.0,0.4841229319572449,0.9375,0.9584869680686913
route_census_untimed,decode,4,128,0,20300728,2,model.layers.5.block_sparse_moe,4,16,32,4,2.0,2.0,0.4145781099796295,1.0,0.9748778777987618
route_census_untimed,decode,4,128,0,20300728,2,model.layers.6.block_sparse_moe,4,16,32,4,2.0,2.0,0.5303300619125366,0.90625,0.9466917099419164
route_census_untimed,decode,4,128,0,20300728,2,model.layers.7.block_sparse_moe,4,16,32,4,2.0,2.0,0.5994789600372314,0.875,0.9334868820086699
route_census_untimed,decode,4,128,0,20300728,2,model.layers.8.block_sparse_moe,4,16,32,4,2.0,2.0,0.5728219747543335,0.90625,0.9404417228234412
route_census_untimed,decode,4,128,0,20300728,2,model.layers.9.block_sparse_moe,4,16,32,4,2.0,2.0,0.5728219747543335,0.90625,0.9420959207525
route_census_untimed,decode,4,128,0,20300728,2,model.layers.10.block_sparse_moe,4,16,32,4,2.0,2.0,0.5303300619125366,0.9375,0.9522369121571558
route_census_untimed,decode,4,128,0,20300728,2,model.layers.11.block_sparse_moe,4,16,32,4,2.0,2.0,0.55901700258255,0.90625,0.9436278734133257
route_census_untimed,decode,4,128,0,20300728,2,model.layers.12.block_sparse_moe,4,16,32,4,2.0,2.0,0.46770718693733215,0.96875,0.9647368176010457
route_census_untimed,decode,4,128,0,20300728,2,model.layers.13.block_sparse_moe,4,16,32,4,2.0,2.0,0.5303300619125366,0.9375,0.9514098131926263
route_census_untimed,decode,4,128,0,20300728,2,model.layers.14.block_sparse_moe,4,16,32,4,2.0,2.0,0.5448623895645142,0.90625,0.9459869250386806
route_census_untimed,decode,4,128,0,20300728,2,model.layers.15.block_sparse_moe,4,16,32,4,2.0,2.0,0.5728219747543335,0.875,0.936550787330321
route_census_untimed,decode,4,128,0,20300728,3,model.layers.0.block_sparse_moe,4,16,32,4,2.0,2.0,0.6959705352783203,0.78125,0.9045958604555284
route_census_untimed,decode,4,128,0,20300728,3,model.layers.1.block_sparse_moe,4,16,32,4,2.0,2.0,0.5153881907463074,0.9375,0.95459582619639
route_census_untimed,decode,4,128,0,20300728,3,model.layers.2.block_sparse_moe,4,16,32,4,2.0,2.0,0.5863019824028015,0.9375,0.9436278734133257
route_census_untimed,decode,4,128,0,20300728,3,model.layers.3.block_sparse_moe,4,16,32,4,2.0,2.0,0.5153881907463074,0.90625,0.9498777917387404
route_census_untimed,decode,4,128,0,20300728,3,model.layers.4.block_sparse_moe,4,16,32,3,2.0,1.5,0.4330126941204071,0.9375,0.9639097874295767
route_census_untimed,decode,4,128,0,20300728,3,model.layers.5.block_sparse_moe,4,16,32,4,2.0,2.0,0.5,0.90625,0.9522368433640954
route_census_untimed,decode,4,128,0,20300728,3,model.layers.6.block_sparse_moe,4,16,32,3,2.0,1.5,0.45069390535354614,0.9375,0.9615508733903424
route_census_untimed,decode,4,128,0,20300728,3,model.layers.7.block_sparse_moe,4,16,32,4,2.0,2.0,0.5153881907463074,0.96875,0.9576598003111015
route_census_untimed,decode,4,128,0,20300728,3,model.layers.8.block_sparse_moe,4,16,32,4,2.0,2.0,0.46770718693733215,0.9375,0.9600188519364564
route_census_untimed,decode,4,128,0,20300728,3,model.layers.9.block_sparse_moe,4,16,32,4,2.0,2.0,0.5994789600372314,0.9375,0.9429229509239692
route_census_untimed,decode,4,128,0,20300728,3,model.layers.10.block_sparse_moe,4,16,32,4,2.0,2.0,0.3952847123146057,1.0,0.9780639595955858
route_census_untimed,decode,4,128,0,20300728,3,model.layers.11.block_sparse_moe,4,16,32,4,2.0,2.0,0.4330126941204071,1.0,0.9741730241024656
route_census_untimed,decode,4,128,0,20300728,3,model.layers.12.block_sparse_moe,4,16,32,4,2.0,2.0,0.4330126941204071,0.9375,0.964736886394106
route_census_untimed,decode,4,128,0,20300728,3,model.layers.13.block_sparse_moe,4,16,32,4,2.0,2.0,0.46770718693733215,0.9375,0.9608458821079255
route_census_untimed,decode,4,128,0,20300728,3,model.layers.14.block_sparse_moe,4,16,32,4,2.0,2.0,0.4330126941204071,0.96875,0.9694549208517557
route_census_untimed,decode,4,128,0,20300728,3,model.layers.15.block_sparse_moe,4,16,32,4,2.0,2.0,0.46770718693733215,0.96875,0.9647369551871664
route_census_untimed,decode,4,128,0,20300728,4,model.layers.0.block_sparse_moe,4,16,32,4,2.0,2.0,0.625,0.8125,0.9209869077717197
route_census_untimed,decode,4,128,0,20300728,4,model.layers.1.block_sparse_moe,4,16,32,4,2.0,2.0,0.6614378094673157,0.84375,0.919454955110894
route_census_untimed,decode,4,128,0,20300728,4,model.layers.2.block_sparse_moe,4,16,32,4,2.0,2.0,0.46770718693733215,0.96875,0.9647368176010457
route_census_untimed,decode,4,128,0,20300728,4,model.layers.3.block_sparse_moe,4,16,32,4,2.0,2.0,0.45069390535354614,0.96875,0.9670958692264007
route_census_untimed,decode,4,128,0,20300728,4,model.layers.4.block_sparse_moe,4,16,32,4,2.0,2.0,0.45069390535354614,0.96875,0.9662687014688109
route_census_untimed,decode,4,128,0,20300728,4,model.layers.5.block_sparse_moe,4,16,32,4,2.0,2.0,0.3952847123146057,1.0,0.9772369294241168
route_census_untimed,decode,4,128,0,20300728,4,model.layers.6.block_sparse_moe,4,16,32,4,2.0,2.0,0.46770718693733215,0.96875,0.9647369551871664
route_census_untimed,decode,4,128,0,20300728,4,model.layers.7.block_sparse_moe,4,16,32,4,2.0,2.0,0.4841229319572449,0.9375,0.9584868304825706
route_census_untimed,decode,4,128,0,20300728,4,model.layers.8.block_sparse_moe,4,16,32,4,2.0,2.0,0.5153881907463074,0.9375,0.95459582619639
route_census_untimed,decode,4,128,0,20300728,4,model.layers.9.block_sparse_moe,4,16,32,4,2.0,2.0,0.6373774409294128,0.84375,0.9225187916394848
route_census_untimed,decode,4,128,0,20300728,4,model.layers.10.block_sparse_moe,4,16,32,4,2.0,2.0,0.6373774409294128,0.84375,0.9233459593970746
route_census_untimed,decode,4,128,0,20300728,4,model.layers.11.block_sparse_moe,4,16,32,4,2.0,2.0,0.45069390535354614,1.0,0.9701597745480518
route_census_untimed,decode,4,128,0,20300728,4,model.layers.12.block_sparse_moe,4,16,32,4,2.0,2.0,0.46770718693733215,0.96875,0.9647368176010457
route_census_untimed,decode,4,128,0,20300728,4,model.layers.13.block_sparse_moe,4,16,32,4,2.0,2.0,0.5863019824028015,0.90625,0.939736869127145
route_census_untimed,decode,4,128,0,20300728,4,model.layers.14.block_sparse_moe,4,16,32,4,2.0,2.0,0.6495190262794495,0.8125,0.9162688045210097
route_census_untimed,decode,4,128,0,20300728,4,model.layers.15.block_sparse_moe,4,16,32,4,2.0,2.0,0.6614378094673157,0.8125,0.9139097528956547
route_census_untimed,decode,4,128,0,20300728,5,model.layers.0.block_sparse_moe,4,16,32,4,2.0,2.0,0.5994789600372314,0.90625,0.9373778862948504
route_census_untimed,decode,4,128,0,20300728,5,model.layers.1.block_sparse_moe,4,16,32,4,2.0,2.0,0.5448623895645142,0.875,0.941268890581031
route_census_untimed,decode,4,128,0,20300728,5,model.layers.2.block_sparse_moe,4,16,32,4,2.0,2.0,0.5448623895645142,0.90625,0.9451598260741512
route_census_untimed,decode,4,128,0,20300728,5,model.layers.3.block_sparse_moe,4,16,32,4,2.0,2.0,0.5153881907463074,0.9375,0.95459582619639
route_census_untimed,decode,4,128,0,20300728,5,model.layers.4.block_sparse_moe,4,16,32,4,2.0,2.0,0.5728219747543335,0.90625,0.9420958519594397
route_census_untimed,decode,4,128,0,20300728,5,model.layers.5.block_sparse_moe,4,16,32,4,2.0,2.0,0.5994789600372314,0.875,0.9334868132156096
route_census_untimed,decode,4,128,0,20300728,5,model.layers.6.block_sparse_moe,4,16,32,4,2.0,2.0,0.5994789600372314,0.84375,0.9295958777224894
route_census_untimed,decode,4,128,0,20300728,5,model.layers.7.block_sparse_moe,4,16,32,4,2.0,2.0,0.6373774409294128,0.8125,0.9186278561463647
route_census_untimed,decode,4,128,0,20300728,5,model.layers.8.block_sparse_moe,4,16,32,4,2.0,2.0,0.6846532225608826,0.8125,0.9100188174025345
route_census_untimed,decode,4,128,0,20300728,5,model.layers.9.block_sparse_moe,4,16,32,4,2.0,2.0,0.6123724579811096,0.84375,0.9272368948901948
route_census_untimed,decode,4,128,0,20300728,5,model.layers.10.block_sparse_moe,4,16,32,4,2.0,2.0,0.6373774409294128,0.8125,0.918627924939425
route_census_untimed,decode,4,128,0,20300728,5,model.layers.11.block_sparse_moe,4,16,32,4,2.0,2.0,0.5728219747543335,0.875,0.9382048476732592
route_census_untimed,decode,4,128,0,20300728,5,model.layers.12.block_sparse_moe,4,16,32,4,2.0,2.0,0.45069390535354614,0.90625,0.9584868992756309
route_census_untimed,decode,4,128,0,20300728,5,model.layers.13.block_sparse_moe,4,16,32,4,2.0,2.0,0.5303300619125366,0.90625,0.9475188089064458
route_census_untimed,decode,4,128,0,20300728,5,model.layers.14.block_sparse_moe,4,16,32,4,2.0,2.0,0.6495190262794495,0.8125,0.9162688045210097
route_census_untimed,decode,4,128,0,20300728,5,model.layers.15.block_sparse_moe,4,16,32,4,2.0,2.0,0.5994789600372314,0.84375,0.92876877875796
route_census_untimed,decode,4,128,0,20300728,6,model.layers.0.block_sparse_moe,4,16,32,4,2.0,2.0,0.625,0.90625,0.934313912180139
route_census_untimed,decode,4,128,0,20300728,6,model.layers.1.block_sparse_moe,4,16,32,4,2.0,2.0,0.55901700258255,0.90625,0.9436278046202653
route_census_untimed,decode,4,128,0,20300728,6,model.layers.2.block_sparse_moe,4,16,32,4,2.0,2.0,0.5994789600372314,0.90625,0.9373778175017902
route_census_untimed,decode,4,128,0,20300728,6,model.layers.3.block_sparse_moe,4,16,32,4,2.0,2.0,0.5448623895645142,0.90625,0.9468139552101497
route_census_untimed,decode,4,128,0,20300728,6,model.layers.4.block_sparse_moe,4,16,32,4,2.0,2.0,0.5448623895645142,0.90625,0.9459867874525599
route_census_untimed,decode,4,128,0,20300728,6,model.layers.5.block_sparse_moe,4,16,32,4,2.0,2.0,0.7603453397750854,0.75,0.8882049507254579
route_census_untimed,decode,4,128,0,20300728,6,model.layers.6.block_sparse_moe,4,16,32,4,2.0,2.0,0.6495190262794495,0.8125,0.9170959722785994
route_census_untimed,decode,4,128,0,20300728,6,model.layers.7.block_sparse_moe,4,16,32,4,2.0,2.0,0.5728219747543335,0.90625,0.9412687529949103
route_census_untimed,decode,4,128,0,20300728,6,model.layers.8.block_sparse_moe,4,16,32,4,2.0,2.0,0.6614378094673157,0.8125,0.9147369206532445
route_census_untimed,decode,4,128,0,20300728,6,model.layers.9.block_sparse_moe,4,16,32,4,2.0,2.0,0.5863019824028015,0.8125,0.9264097959256654
route_census_untimed,decode,4,128,0,20300728,6,model.layers.10.block_sparse_moe,4,16,32,4,2.0,2.0,0.5728219747543335,0.9375,0.9459869250386806
route_census_untimed,decode,4,128,0,20300728,6,model.layers.11.block_sparse_moe,4,16,32,4,2.0,2.0,0.55901700258255,0.84375,0.9358459336340249
route_census_untimed,decode,4,128,0,20300728,6,model.layers.12.block_sparse_moe,4,16,32,4,2.0,2.0,0.5448623895645142,0.875,0.9412687529949103
route_census_untimed,decode,4,128,0,20300728,6,model.layers.13.block_sparse_moe,4,16,32,4,2.0,2.0,0.5,0.90625,0.9514098131926263
route_census_untimed,decode,4,128,0,20300728,6,model.layers.14.block_sparse_moe,4,16,32,4,2.0,2.0,0.6614378094673157,0.8125,0.9147368518601842
route_census_untimed,decode,4,128,0,20300728,6,model.layers.15.block_sparse_moe,4,16,32,4,2.0,2.0,0.6495190262794495,0.8125,0.9162688045210097
route_census_untimed,decode,4,128,0,20300728,7,model.layers.0.block_sparse_moe,4,16,32,4,2.0,2.0,0.6123724579811096,0.875,0.9319549981409048
route_census_untimed,decode,4,128,0,20300728,7,model.layers.1.block_sparse_moe,4,16,32,4,2.0,2.0,0.5994789600372314,0.90625,0.9373778175017902
route_census_untimed,decode,4,128,0,20300728,7,model.layers.2.block_sparse_moe,4,16,32,4,2.0,2.0,0.5863019824028015,0.875,0.9358459336340249
route_census_untimed,decode,4,128,0,20300728,7,model.layers.3.block_sparse_moe,4,16,32,4,2.0,2.0,0.5728219747543335,0.90625,0.9429230197170295
route_census_untimed,decode,4,128,0,20300728,7,model.layers.4.block_sparse_moe,4,16,32,4,2.0,2.0,0.5728219747543335,0.90625,0.9420959207525
route_census_untimed,decode,4,128,0,20300728,7,model.layers.5.block_sparse_moe,4,16,32,4,2.0,2.0,0.5728219747543335,0.84375,0.9334868132156096
route_census_untimed,decode,4,128,0,20300728,7,model.layers.6.block_sparse_moe,4,16,32,4,2.0,2.0,0.6846532225608826,0.8125,0.9108459851601243
route_census_untimed,decode,4,128,0,20300728,7,model.layers.7.block_sparse_moe,4,16,32,4,2.0,2.0,0.625,0.8125,0.9209869077717197
route_census_untimed,decode,4,128,0,20300728,7,model.layers.8.block_sparse_moe,4,16,32,4,2.0,2.0,0.7180703282356262,0.78125,0.9007047873762876
route_census_untimed,decode,4,128,0,20300728,7,model.layers.9.block_sparse_moe,4,16,32,4,2.0,2.0,0.55901700258255,0.875,0.9405639680916745
route_census_untimed,decode,4,128,0,20300728,7,model.layers.10.block_sparse_moe,4,16,32,4,2.0,2.0,0.5863019824028015,0.875,0.9366728950124337
route_census_untimed,decode,4,128,0,20300728,7,model.layers.11.block_sparse_moe,4,16,32,4,2.0,2.0,0.6495190262794495,0.875,0.9265320411938986
route_census_untimed,decode,4,128,0,20300728,7,model.layers.12.block_sparse_moe,4,16,32,4,2.0,2.0,0.5994789600372314,0.84375,0.9295958777224894
route_census_untimed,decode,4,128,0,20300728,7,model.layers.13.block_sparse_moe,4,16,32,4,2.0,2.0,0.55901700258255,0.875,0.939736869127145
route_census_untimed,decode,4,128,0,20300728,7,model.layers.14.block_sparse_moe,4,16,32,4,2.0,2.0,0.6495190262794495,0.84375,0.921814006736249
route_census_untimed,decode,4,128,0,20300728,7,model.layers.15.block_sparse_moe,4,16,32,4,2.0,2.0,0.5994789600372314,0.90625,0.9390320154308489
route_census_untimed,prefill,8,128,0,20340728,-1,model.layers.0.block_sparse_moe,1024,16,32,958,512.0,1.87109375,0.44989413022994995,1.0,0.9687366525086922
route_census_untimed,prefill,8,128,0,20340728,-1,model.layers.1.block_sparse_moe,1024,16,32,995,512.0,1.943359375,0.3675172030925751,1.0,0.9812728118953841
route_census_untimed,prefill,8,128,0,20340728,-1,model.layers.2.block_sparse_moe,1024,16,32,983,512.0,1.919921875,0.3920767605304718,1.0,0.9790673751737797
route_census_untimed,prefill,8,128,0,20340728,-1,model.layers.3.block_sparse_moe,1024,16,32,863,512.0,1.685546875,0.26752376556396484,1.0,0.9900152403832234
route_census_untimed,prefill,8,128,0,20340728,-1,model.layers.4.block_sparse_moe,1024,16,32,927,512.0,1.810546875,0.25764644145965576,1.0,0.9906925768553815
route_census_untimed,prefill,8,128,0,20340728,-1,model.layers.5.block_sparse_moe,1024,16,32,899,512.0,1.755859375,0.3232676386833191,1.0,0.9850278810943226
route_census_untimed,prefill,8,128,0,20340728,-1,model.layers.6.block_sparse_moe,1024,16,32,823,512.0,1.607421875,0.3190065026283264,1.0,0.9851461363650559
route_census_untimed,prefill,8,128,0,20340728,-1,model.layers.7.block_sparse_moe,1024,16,32,957,512.0,1.869140625,0.326176255941391,1.0,0.9847159045656575
route_census_untimed,prefill,8,128,0,20340728,-1,model.layers.8.block_sparse_moe,1024,16,32,988,512.0,1.9296875,0.38960346579551697,1.0,0.9783236533983887
route_census_untimed,prefill,8,128,0,20340728,-1,model.layers.9.block_sparse_moe,1024,16,32,1020,512.0,1.9921875,0.35348427295684814,1.0,0.9816041192740061
route_census_untimed,prefill,8,128,0,20340728,-1,model.layers.10.block_sparse_moe,1024,16,32,1005,512.0,1.962890625,0.37326377630233765,1.0,0.9807928427133562
route_census_untimed,prefill,8,128,0,20340728,-1,model.layers.11.block_sparse_moe,1024,16,32,984,512.0,1.921875,0.3910611569881439,1.0,0.9761413311450603
route_census_untimed,prefill,8,128,0,20340728,-1,model.layers.12.block_sparse_moe,1024,16,32,844,512.0,1.6484375,0.35255157947540283,1.0,0.9805780707789586
route_census_untimed,prefill,8,128,0,20340728,-1,model.layers.13.block_sparse_moe,1024,16,32,869,512.0,1.697265625,0.320969820022583,1.0,0.9852170620102717
route_census_untimed,prefill,8,128,0,20340728,-1,model.layers.14.block_sparse_moe,1024,16,32,953,512.0,1.861328125,0.38416191935539246,1.0,0.9792399081691253
route_census_untimed,prefill,8,128,0,20340728,-1,model.layers.15.block_sparse_moe,1024,16,32,1005,512.0,1.962890625,0.45374780893325806,1.0,0.969404151573221
route_census_untimed,decode,8,128,0,20340728,0,model.layers.0.block_sparse_moe,8,16,32,8,4.0,2.0,0.5555121302604675,0.90625,0.9442488683690611
route_census_untimed,decode,8,128,0,20340728,0,model.layers.1.block_sparse_moe,8,16,32,8,4.0,2.0,0.55901700258255,1.0,0.9525096766414242
route_census_untimed,decode,8,128,0,20340728,0,model.layers.2.block_sparse_moe,8,16,32,8,4.0,2.0,0.55901700258255,0.96875,0.9477665327167486
route_census_untimed,decode,8,128,0,20340728,0,model.layers.3.block_sparse_moe,8,16,32,8,4.0,2.0,0.4284784197807312,0.96875,0.9675912480539459
route_census_untimed,decode,8,128,0,20340728,0,model.layers.4.block_sparse_moe,8,16,32,8,4.0,2.0,0.40019527077674866,1.0,0.9757203176157482
route_census_untimed,decode,8,128,0,20340728,0,model.layers.5.block_sparse_moe,8,16,32,8,4.0,2.0,0.5,0.96875,0.9596859623174464
route_census_untimed,decode,8,128,0,20340728,0,model.layers.6.block_sparse_moe,8,16,32,8,4.0,2.0,0.4841229319572449,1.0,0.9643605195609579
route_census_untimed,decode,8,128,0,20340728,0,model.layers.7.block_sparse_moe,8,16,32,7,4.0,1.75,0.4284784197807312,1.0,0.9713950227396089
route_census_untimed,decode,8,128,0,20340728,0,model.layers.8.block_sparse_moe,8,16,32,7,4.0,1.75,0.5448623895645142,0.9375,0.9470009347481677
route_census_untimed,decode,8,128,0,20340728,0,model.layers.9.block_sparse_moe,8,16,32,8,4.0,2.0,0.503891110420227,1.0,0.9618596166451713
route_census_untimed,decode,8,128,0,20340728,0,model.layers.10.block_sparse_moe,8,16,32,8,4.0,2.0,0.5303300619125366,0.96875,0.9558814309081197
route_census_untimed,decode,8,128,0,20340728,0,model.layers.11.block_sparse_moe,8,16,32,6,4.0,1.5,0.40019527077674866,0.96875,0.9715007576733593
route_census_untimed,decode,8,128,0,20340728,0,model.layers.12.block_sparse_moe,8,16,32,7,4.0,1.75,0.3801726698875427,1.0,0.9773286305735568
route_census_untimed,decode,8,128,0,20340728,0,model.layers.13.block_sparse_moe,8,16,32,8,4.0,2.0,0.4145781099796295,1.0,0.9727774880803044
route_census_untimed,decode,8,128,0,20340728,0,model.layers.14.block_sparse_moe,8,16,32,8,4.0,2.0,0.5153881907463074,0.9375,0.9541474330290606
route_census_untimed,decode,8,128,0,20340728,0,model.layers.15.block_sparse_moe,8,16,32,8,4.0,2.0,0.5376453399658203,0.90625,0.9460425098314394
route_census_untimed,decode,8,128,0,20340728,1,model.layers.0.block_sparse_moe,8,16,32,8,4.0,2.0,0.5,1.0,0.9632605873190997
route_census_untimed,decode,8,128,0,20340728,1,model.layers.1.block_sparse_moe,8,16,32,8,4.0,2.0,0.5555121302604675,0.96875,0.9497731574939555
route_census_untimed,decode,8,128,0,20340728,1,model.layers.2.block_sparse_moe,8,16,32,8,4.0,2.0,0.5412659049034119,0.96875,0.9541684149124657
route_census_untimed,decode,8,128,0,20340728,1,model.layers.3.block_sparse_moe,8,16,32,8,4.0,2.0,0.49607837200164795,1.0,0.9606441120619333
route_census_untimed,decode,8,128,0,20340728,1,model.layers.4.block_sparse_moe,8,16,32,7,4.0,1.75,0.4145781099796295,1.0,0.9730645615211246
route_census_untimed,decode,8,128,0,20340728,1,model.layers.5.block_sparse_moe,8,16,32,8,4.0,2.0,0.4759858250617981,0.96875,0.9634570602994454
route_census_untimed,decode,8,128,0,20340728,1,model.layers.6.block_sparse_moe,8,16,32,7,4.0,1.75,0.5519850254058838,0.96875,0.9472988086994621
route_census_untimed,decode,8,128,0,20340728,1,model.layers.7.block_sparse_moe,8,16,32,8,4.0,2.0,0.5863019824028015,0.96875,0.9422129377481471
route_census_untimed,decode,8,128,0,20340728,1,model.layers.8.block_sparse_moe,8,16,32,8,4.0,2.0,0.6281172037124634,0.9375,0.933977032563629
route_census_untimed,decode,8,128,0,20340728,1,model.layers.9.block_sparse_moe,8,16,32,8,4.0,2.0,0.4635123908519745,0.96875,0.9639358599994474
route_census_untimed,decode,8,128,0,20340728,1,model.layers.10.block_sparse_moe,8,16,32,8,4.0,2.0,0.5229125022888184,0.9375,0.950009874414603
route_census_untimed,decode,8,128,0,20340728,1,model.layers.11.block_sparse_moe,8,16,32,8,4.0,2.0,0.49607837200164795,0.9375,0.95651735395795
route_census_untimed,decode,8,128,0,20340728,1,model.layers.12.block_sparse_moe,8,16,32,8,4.0,2.0,0.45069390535354614,1.0,0.9695619628536527
route_census_untimed,decode,8,128,0,20340728,1,model.layers.13.block_sparse_moe,8,16,32,7,4.0,1.75,0.46770718693733215,0.96875,0.963104771037418
route_census_untimed,decode,8,128,0,20340728,1,model.layers.14.block_sparse_moe,8,16,32,8,4.0,2.0,0.4841229319572449,0.96875,0.9616272336873255
route_census_untimed,decode,8,128,0,20340728,1,model.layers.15.block_sparse_moe,8,16,32,8,4.0,2.0,0.6123724579811096,0.9375,0.9379333902571373
route_census_untimed,decode,8,128,0,20340728,2,model.layers.0.block_sparse_moe,8,16,32,8,4.0,2.0,0.5728219747543335,0.96875,0.9465830856996315
route_census_untimed,decode,8,128,0,20340728,2,model.layers.1.block_sparse_moe,8,16,32,8,4.0,2.0,0.5077524185180664,1.0,0.9608109352332702
route_census_untimed,decode,8,128,0,20340728,2,model.layers.2.block_sparse_moe,8,16,32,8,4.0,2.0,0.5077524185180664,1.0,0.9620156393060341
route_census_untimed,decode,8,128,0,20340728,2,model.layers.3.block_sparse_moe,8,16,32,8,4.0,2.0,0.48814061284065247,0.96875,0.9598126791346021
route_census_untimed,decode,8,128,0,20340728,2,model.layers.4.block_sparse_moe,8,16,32,8,4.0,2.0,0.4098398983478546,0.96875,0.972025717516853
route_census_untimed,decode,8,128,0,20340728,2,model.layers.5.block_sparse_moe,8,16,32,8,4.0,2.0,0.4800716042518616,1.0,0.9631994990815133
route_census_untimed,decode,8,128,0,20340728,2,model.layers.6.block_sparse_moe,8,16,32,8,4.0,2.0,0.5303300619125366,0.96875,0.9525503333400881
route_census_untimed,decode,8,128,0,20340728,2,model.layers.7.block_sparse_moe,8,16,32,8,4.0,2.0,0.4800716042518616,0.96875,0.9618638818149127
route_census_untimed,decode,8,128,0,20340728,2,model.layers.8.block_sparse_moe,8,16,32,8,4.0,2.0,0.6027281880378723,0.90625,0.9340828362904398
route_census_untimed,decode,8,128,0,20340728,2,model.layers.9.block_sparse_moe,8,16,32,8,4.0,2.0,0.5412659049034119,0.9375,0.9489569278329606
route_census_untimed,decode,8,128,0,20340728,2,model.layers.10.block_sparse_moe,8,16,32,8,4.0,2.0,0.4330126941204071,1.0,0.9722831411486644
route_census_untimed,decode,8,128,0,20340728,2,model.layers.11.block_sparse_moe,8,16,32,7,4.0,1.75,0.4759858250617981,1.0,0.9635184237092732
route_census_untimed,decode,8,128,0,20340728,2,model.layers.12.block_sparse_moe,8,16,32,7,4.0,1.75,0.46770718693733215,1.0,0.9641576488260001
route_census_untimed,decode,8,128,0,20340728,2,model.layers.13.block_sparse_moe,8,16,32,8,4.0,2.0,0.55901700258255,0.9375,0.9447433528868218
route_census_untimed,decode,8,128,0,20340728,2,model.layers.14.block_sparse_moe,8,16,32,8,4.0,2.0,0.5303300619125366,1.0,0.9551307610336337
route_census_untimed,decode,8,128,0,20340728,2,model.layers.15.block_sparse_moe,8,16,32,8,4.0,2.0,0.5115845203399658,0.96875,0.955004044216478
route_census_untimed,decode,8,128,0,20340728,3,model.layers.0.block_sparse_moe,8,16,32,8,4.0,2.0,0.5340002179145813,0.90625,0.9471926610073496
route_census_untimed,decode,8,128,0,20340728,3,model.layers.1.block_sparse_moe,8,16,32,8,4.0,2.0,0.5694020986557007,0.96875,0.9477262199833864
route_census_untimed,decode,8,128,0,20340728,3,model.layers.2.block_sparse_moe,8,16,32,8,4.0,2.0,0.5694020986557007,0.96875,0.948840392388736
route_census_untimed,decode,8,128,0,20340728,3,model.layers.3.block_sparse_moe,8,16,32,7,4.0,1.75,0.45069390535354614,1.0,0.9673480645856259
route_census_untimed,decode,8,128,0,20340728,3,model.layers.4.block_sparse_moe,8,16,32,8,4.0,2.0,0.503891110420227,1.0,0.9607348501085285
route_census_untimed,decode,8,128,0,20340728,3,model.layers.5.block_sparse_moe,8,16,32,8,4.0,2.0,0.4841229319572449,0.9375,0.9573990746123935
route_census_untimed,decode,8,128,0,20340728,3,model.layers.6.block_sparse_moe,8,16,32,8,4.0,2.0,0.5962120294570923,0.90625,0.9363154462708804
route_census_untimed,decode,8,128,0,20340728,3,model.layers.7.block_sparse_moe,8,16,32,8,4.0,2.0,0.615553617477417,0.96875,0.9382858171052854
route_census_untimed,decode,8,128,0,20340728,3,model.layers.8.block_sparse_moe,8,16,32,8,4.0,2.0,0.6343057155609131,0.90625,0.928395645198648
route_census_untimed,decode,8,128,0,20340728,3,model.layers.9.block_sparse_moe,8,16,32,8,4.0,2.0,0.5077524185180664,0.96875,0.9564813751873895
route_census_untimed,decode,8,128,0,20340728,3,model.layers.10.block_sparse_moe,8,16,32,8,4.0,2.0,0.5762215256690979,0.9375,0.9424746265496999
route_census_untimed,decode,8,128,0,20340728,3,model.layers.11.block_sparse_moe,8,16,32,8,4.0,2.0,0.5153881907463074,0.9375,0.9542380334895351
route_census_untimed,decode,8,128,0,20340728,3,model.layers.12.block_sparse_moe,8,16,32,7,4.0,1.75,0.41926273703575134,0.96875,0.9687239257925284
route_census_untimed,decode,8,128,0,20340728,3,model.layers.13.block_sparse_moe,8,16,32,7,4.0,1.75,0.503891110420227,0.96875,0.9578129336634298
route_census_untimed,decode,8,128,0,20340728,3,model.layers.14.block_sparse_moe,8,16,32,8,4.0,2.0,0.5,1.0,0.9632354778520738
route_census_untimed,decode,8,128,0,20340728,3,model.layers.15.block_sparse_moe,8,16,32,8,4.0,2.0,0.5448623895645142,0.96875,0.9509932712122366
route_census_untimed,decode,8,128,0,20340728,4,model.layers.0.block_sparse_moe,8,16,32,8,4.0,2.0,0.5266343355178833,1.0,0.9590428159962798
route_census_untimed,decode,8,128,0,20340728,4,model.layers.1.block_sparse_moe,8,16,32,8,4.0,2.0,0.5077524185180664,1.0,0.9626505992530195
route_census_untimed,decode,8,128,0,20340728,4,model.layers.2.block_sparse_moe,8,16,32,8,4.0,2.0,0.5519850254058838,0.96875,0.952571040051252
route_census_untimed,decode,8,128,0,20340728,4,model.layers.3.block_sparse_moe,8,16,32,8,4.0,2.0,0.519163966178894,1.0,0.9571122763438147
route_census_untimed,decode,8,128,0,20340728,4,model.layers.4.block_sparse_moe,8,16,32,8,4.0,2.0,0.44633927941322327,0.96875,0.964934391270357
route_census_untimed,decode,8,128,0,20340728,4,model.layers.5.block_sparse_moe,8,16,32,8,4.0,2.0,0.5266343355178833,0.9375,0.9527171565114251
route_census_untimed,decode,8,128,0,20340728,4,model.layers.6.block_sparse_moe,8,16,32,8,4.0,2.0,0.5266343355178833,0.90625,0.9463950742657082
route_census_untimed,decode,8,128,0,20340728,4,model.layers.7.block_sparse_moe,8,16,32,8,4.0,2.0,0.5555121302604675,0.9375,0.9453421276840658
route_census_untimed,decode,8,128,0,20340728,4,model.layers.8.block_sparse_moe,8,16,32,8,4.0,2.0,0.6373774409294128,0.90625,0.9265625853126919
route_census_untimed,decode,8,128,0,20340728,4,model.layers.9.block_sparse_moe,8,16,32,8,4.0,2.0,0.5115845203399658,0.90625,0.9489569278329606
route_census_untimed,decode,8,128,0,20340728,4,model.layers.10.block_sparse_moe,8,16,32,8,4.0,2.0,0.5229125022888184,0.9375,0.951693378187369
route_census_untimed,decode,8,128,0,20340728,4,model.layers.11.block_sparse_moe,8,16,32,8,4.0,2.0,0.42389562726020813,1.0,0.9722581692677591
route_census_untimed,decode,8,128,0,20340728,4,model.layers.12.block_sparse_moe,8,16,32,6,4.0,1.5,0.3365727961063385,1.0,0.9822723062691384
route_census_untimed,decode,8,128,0,20340728,4,model.layers.13.block_sparse_moe,8,16,32,7,4.0,1.75,0.44633927941322327,0.96875,0.9659176504818697
route_census_untimed,decode,8,128,0,20340728,4,model.layers.14.block_sparse_moe,8,16,32,8,4.0,2.0,0.3952847123146057,0.96875,0.9742035682212589
route_census_untimed,decode,8,128,0,20340728,4,model.layers.15.block_sparse_moe,8,16,32,8,4.0,2.0,0.3590351641178131,1.0,0.9798183202205072
route_census_untimed,decode,8,128,0,20340728,5,model.layers.0.block_sparse_moe,8,16,32,8,4.0,2.0,0.519163966178894,0.96875,0.9572429831584703
route_census_untimed,decode,8,128,0,20340728,5,model.layers.1.block_sparse_moe,8,16,32,8,4.0,2.0,0.48814061284065247,1.0,0.9644150724578116
route_census_untimed,decode,8,128,0,20340728,5,model.layers.2.block_sparse_moe,8,16,32,8,4.0,2.0,0.5376453399658203,0.96875,0.9559870970488098
route_census_untimed,decode,8,128,0,20340728,5,model.layers.3.block_sparse_moe,8,16,32,8,4.0,2.0,0.5266343355178833,1.0,0.9558967717605766
route_census_untimed,decode,8,128,0,20340728,5,model.layers.4.block_sparse_moe,8,16,32,8,4.0,2.0,0.5266343355178833,0.96875,0.9532255372273756
route_census_untimed,decode,8,128,0,20340728,5,model.layers.5.block_sparse_moe,8,16,32,8,4.0,2.0,0.6091746687889099,0.9375,0.9353933440900144
route_census_untimed,decode,8,128,0,20340728,5,model.layers.6.block_sparse_moe,8,16,32,8,4.0,2.0,0.6027281880378723,0.90625,0.9354840821366096
route_census_untimed,decode,8,128,0,20340728,5,model.layers.7.block_sparse_moe,8,16,32,8,4.0,2.0,0.5896238088607788,1.0,0.9442893874816043
route_census_untimed,decode,8,128,0,20340728,5,model.layers.8.block_sparse_moe,8,16,32,8,4.0,2.0,0.6059600114822388,0.96875,0.9389718902961073
route_census_untimed,decode,8,128,0,20340728,5,model.layers.9.block_sparse_moe,8,16,32,8,4.0,2.0,0.5448623895645142,0.96875,0.9526046110647004
route_census_untimed,decode,8,128,0,20340728,5,model.layers.10.block_sparse_moe,8,16,32,8,4.0,2.0,0.5829612016677856,1.0,0.9456250047482049
route_census_untimed,decode,8,128,0,20340728,5,model.layers.11.block_sparse_moe,8,16,32,8,4.0,2.0,0.5863019824028015,0.9375,0.9413201414109881
route_census_untimed,decode,8,128,0,20340728,5,model.layers.12.block_sparse_moe,8,16,32,8,4.0,2.0,0.5728219747543335,0.90625,0.9404387647218464
route_census_untimed,decode,8,128,0,20340728,5,model.layers.13.block_sparse_moe,8,16,32,8,4.0,2.0,0.5484352707862854,0.9375,0.9454438038272559
route_census_untimed,decode,8,128,0,20340728,5,model.layers.14.block_sparse_moe,8,16,32,8,4.0,2.0,0.5625,0.9375,0.9453422652701865
route_census_untimed,decode,8,128,0,20340728,5,model.layers.15.block_sparse_moe,8,16,32,8,4.0,2.0,0.6614378094673157,0.875,0.9215174398531012
route_census_untimed,decode,8,128,0,20340728,6,model.layers.0.block_sparse_moe,8,16,32,8,4.0,2.0,0.6434769034385681,0.9375,0.9312698192598673
route_census_untimed,decode,8,128,0,20340728,6,model.layers.1.block_sparse_moe,8,16,32,8,4.0,2.0,0.55901700258255,0.9375,0.9455996889019979
route_census_untimed,decode,8,128,0,20340728,6,model.layers.2.block_sparse_moe,8,16,32,8,4.0,2.0,0.6312190294265747,0.90625,0.9270054750351938
route_census_untimed,decode,8,128,0,20340728,6,model.layers.3.block_sparse_moe,8,16,32,8,4.0,2.0,0.5728219747543335,0.96875,0.9434328450872472
route_census_untimed,decode,8,128,0,20340728,6,model.layers.4.block_sparse_moe,8,16,32,8,4.0,2.0,0.49607837200164795,1.0,0.9627523441892699
route_census_untimed,decode,8,128,0,20340728,6,model.layers.5.block_sparse_moe,8,16,32,8,4.0,2.0,0.5376453399658203,0.9375,0.9488807051220982
route_census_untimed,decode,8,128,0,20340728,6,model.layers.6.block_sparse_moe,8,16,32,8,4.0,2.0,0.5484352707862854,0.96875,0.949723213732145
route_census_untimed,decode,8,128,0,20340728,6,model.layers.7.block_sparse_moe,8,16,32,7,4.0,1.75,0.5412659049034119,0.96875,0.9527426787368131
route_census_untimed,decode,8,128,0,20340728,6,model.layers.8.block_sparse_moe,8,16,32,8,4.0,2.0,0.5762215256690979,0.96875,0.9469712161460986
route_census_untimed,decode,8,128,0,20340728,6,model.layers.9.block_sparse_moe,8,16,32,8,4.0,2.0,0.5796011686325073,0.9375,0.9423437133558632
route_census_untimed,decode,8,128,0,20340728,6,model.layers.10.block_sparse_moe,8,16,32,8,4.0,2.0,0.5994789600372314,0.9375,0.9395961185256789
route_census_untimed,decode,8,128,0,20340728,6,model.layers.11.block_sparse_moe,8,16,32,8,4.0,2.0,0.5340002179145813,0.9375,0.9494210746111091
route_census_untimed,decode,8,128,0,20340728,6,model.layers.12.block_sparse_moe,8,16,32,8,4.0,2.0,0.5266343355178833,0.96875,0.9534176762449195
route_census_untimed,decode,8,128,0,20340728,6,model.layers.13.block_sparse_moe,8,16,32,8,4.0,2.0,0.5303300619125366,0.96875,0.9538966823241025
route_census_untimed,decode,8,128,0,20340728,6,model.layers.14.block_sparse_moe,8,16,32,8,4.0,2.0,0.5994789600372314,0.96875,0.9426264528338817
route_census_untimed,decode,8,128,0,20340728,6,model.layers.15.block_sparse_moe,8,16,32,8,4.0,2.0,0.7447734475135803,0.78125,0.893573492361731
route_census_untimed,decode,8,128,0,20340728,7,model.layers.0.block_sparse_moe,8,16,32,8,4.0,2.0,0.55901700258255,1.0,0.9545458136415191
route_census_untimed,decode,8,128,0,20340728,7,model.layers.1.block_sparse_moe,8,16,32,8,4.0,2.0,0.5266343355178833,0.96875,0.9567238019320458
route_census_untimed,decode,8,128,0,20340728,7,model.layers.2.block_sparse_moe,8,16,32,8,4.0,2.0,0.6059600114822388,0.96875,0.9400753309840431
route_census_untimed,decode,8,128,0,20340728,7,model.layers.3.block_sparse_moe,8,16,32,8,4.0,2.0,0.5519850254058838,0.9375,0.9456761179920413
route_census_untimed,decode,8,128,0,20340728,7,model.layers.4.block_sparse_moe,8,16,32,8,4.0,2.0,0.4375,0.9375,0.9640265980460426
route_census_untimed,decode,8,128,0,20340728,7,model.layers.5.block_sparse_moe,8,16,32,8,4.0,2.0,0.5340002179145813,0.9375,0.949167503390677
route_census_untimed,decode,8,128,0,20340728,7,model.layers.6.block_sparse_moe,8,16,32,8,4.0,2.0,0.5519850254058838,0.90625,0.942822857021167
route_census_untimed,decode,8,128,0,20340728,7,model.layers.7.block_sparse_moe,8,16,32,8,4.0,2.0,0.5762215256690979,0.9375,0.9419304046493097
route_census_untimed,decode,8,128,0,20340728,7,model.layers.8.block_sparse_moe,8,16,32,8,4.0,2.0,0.6760408878326416,0.875,0.9149556137920816
route_census_untimed,decode,8,128,0,20340728,7,model.layers.9.block_sparse_moe,8,16,32,8,4.0,2.0,0.5340002179145813,0.9375,0.94657283553364
route_census_untimed,decode,8,128,0,20340728,7,model.layers.10.block_sparse_moe,8,16,32,8,4.0,2.0,0.5229125022888184,1.0,0.958382471410027
route_census_untimed,decode,8,128,0,20340728,7,model.layers.11.block_sparse_moe,8,16,32,7,4.0,1.75,0.455006867647171,0.96875,0.9637801813038864
route_census_untimed,decode,8,128,0,20340728,7,model.layers.12.block_sparse_moe,8,16,32,7,4.0,1.75,0.405046284198761,1.0,0.9752019619060476
route_census_untimed,decode,8,128,0,20340728,7,model.layers.13.block_sparse_moe,8,16,32,7,4.0,1.75,0.41926273703575134,0.96875,0.9704478798847772
route_census_untimed,decode,8,128,0,20340728,7,model.layers.14.block_sparse_moe,8,16,32,8,4.0,2.0,0.42389562726020813,1.0,0.9750241318450554
route_census_untimed,decode,8,128,0,20340728,7,model.layers.15.block_sparse_moe,8,16,32,8,4.0,2.0,0.5303300619125366,1.0,0.9562449334389833
